{
  "schema_version": 1,
  "sim": "isaac",
  "method": "CTS",
  "priv_mode": "FULL",
  "latent_dim": "8",
  "dr_scale": 2.0,
  "episode_length_s": 10.0,
  "vel_rmse_threshold": 0.3,
  "checkpoint": "model_final.pt",
  "episodes": [
    {
      "reward": 1135.3216552734375,
      "length": 500,
      "outcome": "success",
      "vel_rmse": 0.16089940071105957,
      "fwd_disp": 0.43158525228500366,
      "mean_lin_track": 0.8882588744163513,
      "mean_ang_track": 0.6576776504516602,
      "gait_adh": 0.35206643843187396,
      "clear_err": 0.008909662896131154,
      "slip_rate": 0.1027427397784777,
      "smoothness": 1.976514565701408,
      "base_z_var": 0.001776841164536751,
      "contact_sym": 0.932,
      "stride_var": 0.0006489479179297373,
      "jtorque_var": 4.666779623336285
    },
    {
      "reward": 1145.9451904296875,
      "length": 500,
      "outcome": "success",
      "vel_rmse": 0.15183813869953156,
      "fwd_disp": 0.056241557002067566,
      "mean_lin_track": 0.9026873707771301,
      "mean_ang_track": 0.5264118909835815,
      "gait_adh": 0.33764870063991453,
      "clear_err": 0.0015874977541477742,
      "slip_rate": 0.1629614484651635,
      "smoothness": 2.3769455334979694,
      "base_z_var": 0.0002559034590119879,
      "contact_sym": 0.87,
      "stride_var": 0.00016628618141487553,
      "jtorque_var": 4.878770300960408
    },
    {
      "reward": 1185.019287109375,
      "length": 500,
      "outcome": "success",
      "vel_rmse": 0.25315332412719727,
      "fwd_disp": 0.2564510405063629,
      "mean_lin_track": 0.763415515422821,
      "mean_ang_track": 0.9269012212753296,
      "gait_adh": 0.3516013501160043,
      "clear_err": 0.0035653206289302,
      "slip_rate": 0.08711127839051187,
      "smoothness": 1.4061513993091248,
      "base_z_var": 0.0004400110652702109,
      "contact_sym": 0.93,
      "stride_var": 8.731695633588206e-05,
      "jtorque_var": 4.297489622941888
    },
    {
      "reward": 1029.702880859375,
      "length": 500,
      "outcome": "success",
      "vel_rmse": 0.2099187672138214,
      "fwd_disp": 0.3274671137332916,
      "mean_lin_track": 0.8135867714881897,
      "mean_ang_track": 0.8561062812805176,
      "gait_adh": 0.34229958379861114,
      "clear_err": 0.010790039235248633,
      "slip_rate": 0.25839958146214487,
      "smoothness": 2.272358405222281,
      "base_z_var": 0.0014240038035461544,
      "contact_sym": 0.89,
      "stride_var": 0.0006055537798190454,
      "jtorque_var": 11.106880242002186
    },
    {
      "reward": 608.8583984375,
      "length": 500,
      "outcome": "success",
      "vel_rmse": 0.1671275496482849,
      "fwd_disp": -0.08796396106481552,
      "mean_lin_track": 0.887378990650177,
      "mean_ang_track": 0.8387888669967651,
      "gait_adh": 0.3632285580127458,
      "clear_err": 0.0043877465836213705,
      "slip_rate": 0.14842921495437622,
      "smoothness": 3.329006647398658,
      "base_z_var": 0.0027688723314199196,
      "contact_sym": 0.98,
      "stride_var": 0.0,
      "jtorque_var": 3.3708056170700273
    },
    {
      "reward": 1294.6888427734375,
      "length": 500,
      "outcome": "success",
      "vel_rmse": 0.1527472287416458,
      "fwd_disp": 1.671097993850708,
      "mean_lin_track": 0.88775235414505,
      "mean_ang_track": 0.8930420279502869,
      "gait_adh": 0.29625584052751486,
      "clear_err": 0.0024646242328771944,
      "slip_rate": 0.14846111803005138,
      "smoothness": 1.69020262082241,
      "base_z_var": 0.0003074066821799629,
      "contact_sym": 0.692,
      "stride_var": 0.0637186243840383,
      "jtorque_var": 6.210534060481497
    },
    {
      "reward": 1127.7215576171875,
      "length": 500,
      "outcome": "success",
      "vel_rmse": 0.17429178953170776,
      "fwd_disp": 0.3184756636619568,
      "mean_lin_track": 0.8654796481132507,
      "mean_ang_track": 0.8181765675544739,
      "gait_adh": 0.2437008608342433,
      "clear_err": 0.005290363960187191,
      "slip_rate": 0.12380285204430534,
      "smoothness": 2.1042351118349325,
      "base_z_var": 0.0005097891331848432,
      "contact_sym": 0.466,
      "stride_var": 4.379875033789968e-05,
      "jtorque_var": 14.252724239667655
    },
    {
      "reward": 1087.853759765625,
      "length": 500,
      "outcome": "success",
      "vel_rmse": 0.14865520596504211,
      "fwd_disp": 0.224709153175354,
      "mean_lin_track": 0.904242992401123,
      "mean_ang_track": 0.6752701997756958,
      "gait_adh": 0.34090431885100214,
      "clear_err": 0.006835978737381142,
      "slip_rate": 0.2579157856692161,
      "smoothness": 2.8102109115567258,
      "base_z_var": 0.001263066217905932,
      "contact_sym": 0.884,
      "stride_var": 0.0010542565421019015,
      "jtorque_var": 4.533525017555179
    },
    {
      "reward": 1063.4927978515625,
      "length": 500,
      "outcome": "success",
      "vel_rmse": 0.11188308894634247,
      "fwd_disp": 0.09706605225801468,
      "mean_lin_track": 0.9440904259681702,
      "mean_ang_track": 0.4430929124355316,
      "gait_adh": 0.35625223327470085,
      "clear_err": 0.0020532987965727312,
      "slip_rate": 0.049274555407464504,
      "smoothness": 1.8989883618281578,
      "base_z_var": 0.0004211664497083816,
      "contact_sym": 0.95,
      "stride_var": 0.0003430553455608444,
      "jtorque_var": 4.714576973266368
    },
    {
      "reward": 1193.3115234375,
      "length": 500,
      "outcome": "success",
      "vel_rmse": 0.1720155030488968,
      "fwd_disp": 1.5185205936431885,
      "mean_lin_track": 0.86569744348526,
      "mean_ang_track": 0.8314810991287231,
      "gait_adh": 0.3427646721144808,
      "clear_err": 0.0029239048088864645,
      "slip_rate": 0.13716690205037593,
      "smoothness": 1.7894552610064531,
      "base_z_var": 0.00047578534637418845,
      "contact_sym": 0.892,
      "stride_var": 0.00029278692631392944,
      "jtorque_var": 11.98555306981367
    },
    {
      "reward": 1283.6591796875,
      "length": 500,
      "outcome": "success",
      "vel_rmse": 0.15975087881088257,
      "fwd_disp": 0.3508938252925873,
      "mean_lin_track": 0.895994246006012,
      "mean_ang_track": 0.9148905277252197,
      "gait_adh": 0.3525315267477437,
      "clear_err": 0.010753422154445422,
      "slip_rate": 0.29991020588204265,
      "smoothness": 1.4480700383295655,
      "base_z_var": 0.0019131448358652803,
      "contact_sym": 0.934,
      "stride_var": 0.0003757186117244642,
      "jtorque_var": 3.995136593001868
    },
    {
      "reward": 1264.047119140625,
      "length": 500,
      "outcome": "success",
      "vel_rmse": 0.1835237592458725,
      "fwd_disp": 1.6090108156204224,
      "mean_lin_track": 0.8463701605796814,
      "mean_ang_track": 0.9147789478302002,
      "gait_adh": 0.32741675769078205,
      "clear_err": 0.007296858101732129,
      "slip_rate": 0.06995720595407945,
      "smoothness": 1.1719884347809824,
      "base_z_var": 0.0011168448740950048,
      "contact_sym": 0.826,
      "stride_var": 0.0006228518434428582,
      "jtorque_var": 5.098076010758537
    },
    {
      "reward": 16.58519172668457,
      "length": 500,
      "outcome": "success",
      "vel_rmse": 0.22536028921604156,
      "fwd_disp": 0.06484801322221756,
      "mean_lin_track": 0.8064343929290771,
      "mean_ang_track": 0.41982322931289673,
      "gait_adh": 0.1530086392396598,
      "clear_err": 0.004582496677258406,
      "slip_rate": 0.11956888397357293,
      "smoothness": 3.7133790036572427,
      "base_z_var": 0.0034209067487797535,
      "contact_sym": 0.076,
      "stride_var": 0.00019502909914301378,
      "jtorque_var": 4.537979262262854
    },
    {
      "reward": 1171.202880859375,
      "length": 500,
      "outcome": "success",
      "vel_rmse": 0.20239730179309845,
      "fwd_disp": 1.6524587869644165,
      "mean_lin_track": 0.8218495845794678,
      "mean_ang_track": 0.855233907699585,
      "gait_adh": 0.27997774947207676,