{
  "schema_version": 1,
  "sim": "isaac",
  "method": "CTS",
  "priv_mode": "FULL",
  "latent_dim": "8",
  "dr_scale": 1.0,
  "episode_length_s": 10.0,
  "vel_rmse_threshold": 0.3,
  "checkpoint": "model_final.pt",
  "episodes": [
    {
      "reward": 1256.1881103515625,
      "length": 500,
      "outcome": "success",
      "vel_rmse": 0.0833611711859703,
      "fwd_disp": 2.662868022918701,
      "mean_lin_track": 0.9596549272537231,
      "mean_ang_track": 0.9154011011123657,
      "gait_adh": 0.31113866663534395,
      "clear_err": 0.008315652104613666,
      "slip_rate": 0.09721111681844508,
      "smoothness": 2.273097486128435,
      "base_z_var": 0.0020867614376576084,
      "contact_sym": 0.756,
      "stride_var": 0.0009283691821091696,
      "jtorque_var": 6.986776685016699
    },
    {
      "reward": 1250.868408203125,
      "length": 500,
      "outcome": "success",
      "vel_rmse": 0.10641022026538849,
      "fwd_disp": 0.02151901088654995,
      "mean_lin_track": 0.9380213022232056,
      "mean_ang_track": 0.7759130001068115,
      "gait_adh": 0.35718240990644023,
      "clear_err": 0.00150609323026675,
      "slip_rate": 0.2551509281620383,
      "smoothness": 2.4236504614211487,
      "base_z_var": 0.00035017909571354353,
      "contact_sym": 0.954,
      "stride_var": 0.0002479430398150497,
      "jtorque_var": 3.997513106738247
    },
    {
      "reward": 1240.2025146484375,
      "length": 500,
      "outcome": "success",
      "vel_rmse": 0.13368913531303406,
      "fwd_disp": 1.5183509588241577,
      "mean_lin_track": 0.9088582396507263,
      "mean_ang_track": 0.8688797950744629,
      "gait_adh": 0.28323336768316437,
      "clear_err": 0.004203954961449105,
      "slip_rate": 0.21824073639105668,
      "smoothness": 1.829118195294323,
      "base_z_var": 0.0004537205625844434,
      "contact_sym": 0.636,
      "stride_var": 0.0006676455976784589,
      "jtorque_var": 8.526270782162085
    },
    {
      "reward": 1331.5003662109375,
      "length": 500,
      "outcome": "success",
      "vel_rmse": 0.10021998733282089,
      "fwd_disp": 2.149878740310669,
      "mean_lin_track": 0.9446525573730469,
      "mean_ang_track": 0.9052442312240601,
      "gait_adh": 0.327416757690782,
      "clear_err": 0.007408213188448054,
      "slip_rate": 0.08904247640288974,
      "smoothness": 1.5299567408195485,
      "base_z_var": 0.0009715296897627798,
      "contact_sym": 0.826,
      "stride_var": 0.00015316446456498778,
      "jtorque_var": 6.862564771829532
    },
    {
      "reward": 1283.065185546875,
      "length": 500,
      "outcome": "success",
      "vel_rmse": 0.15056322515010834,
      "fwd_disp": 0.8584995865821838,
      "mean_lin_track": 0.8975146412849426,
      "mean_ang_track": 0.8999377489089966,
      "gait_adh": 0.33904396558752353,
      "clear_err": 0.006895271103810558,
      "slip_rate": 0.063895639226151,
      "smoothness": 1.4941498989627444,
      "base_z_var": 0.0012602234276129708,
      "contact_sym": 0.876,
      "stride_var": 0.00040131201320494405,
      "jtorque_var": 4.987510016969649
    },
    {
      "reward": 1183.0601806640625,
      "length": 500,
      "outcome": "success",
      "vel_rmse": 0.13048703968524933,
      "fwd_disp": 3.2486023902893066,
      "mean_lin_track": 0.9104530215263367,
      "mean_ang_track": 0.878749430179596,
      "gait_adh": 0.28369845599903404,
      "clear_err": 0.012706394952269438,
      "slip_rate": 0.2122281972864052,
      "smoothness": 2.195048471271424,
      "base_z_var": 0.002079454960713991,
      "contact_sym": 0.638,
      "stride_var": 0.0006784524627296653,
      "jtorque_var": 9.213565306321726
    },
    {
      "reward": 1234.5931396484375,
      "length": 500,
      "outcome": "success",
      "vel_rmse": 0.12317429482936859,
      "fwd_disp": 2.0421159267425537,
      "mean_lin_track": 0.9167121052742004,
      "mean_ang_track": 0.8858501315116882,
      "gait_adh": 0.32183569790034605,
      "clear_err": 0.008273467564712745,
      "slip_rate": 0.08447686340095419,
      "smoothness": 2.297901508272959,
      "base_z_var": 0.0012629320259451456,
      "contact_sym": 0.802,
      "stride_var": 0.0003205338129543333,
      "jtorque_var": 5.625673023730799
    },
    {
      "reward": 1274.43798828125,
      "length": 500,
      "outcome": "success",
      "vel_rmse": 0.1317119598388672,
      "fwd_disp": 3.6961920261383057,
      "mean_lin_track": 0.9102351665496826,
      "mean_ang_track": 0.9338982105255127,
      "gait_adh": 0.2976511054751238,
      "clear_err": 0.00621310700272633,
      "slip_rate": 0.2516978120383544,
      "smoothness": 1.9582922292772833,
      "base_z_var": 0.0004136376212570222,
      "contact_sym": 0.698,
      "stride_var": 0.0007551676837985616,
      "jtorque_var": 8.214799512931222
    },
    {
      "reward": 1106.0181884765625,
      "length": 500,
      "outcome": "success",
      "vel_rmse": 0.18655641376972198,
      "fwd_disp": 0.3882095217704773,
      "mean_lin_track": 0.8585194945335388,
      "mean_ang_track": 0.6530937552452087,
      "gait_adh": 0.345090113693829,
      "clear_err": 0.011613538233584962,
      "slip_rate": 0.32117006013868377,
      "smoothness": 2.467901732116224,
      "base_z_var": 0.001977128923135984,
      "contact_sym": 0.902,
      "stride_var": 0.0009790869551587066,
      "jtorque_var": 4.125317055167216
    },
    {
      "reward": 1332.5506591796875,
      "length": 500,
      "outcome": "success",
      "vel_rmse": 0.12695786356925964,
      "fwd_disp": 1.8051573038101196,
      "mean_lin_track": 0.9093850255012512,
      "mean_ang_track": 0.9123682975769043,
      "gait_adh": 0.3255564044273034,
      "clear_err": 0.0026928393991766967,
      "slip_rate": 0.043018535452170506,
      "smoothness": 1.6540070338924004,
      "base_z_var": 0.00026999531079095296,
      "contact_sym": 0.818,
      "stride_var": 0.0004388555191086839,
      "jtorque_var": 5.174827849641142
    },
    {
      "reward": 1273.670166015625,
      "length": 500,
      "outcome": "success",
      "vel_rmse": 0.21600714325904846,
      "fwd_disp": 0.5949883460998535,
      "mean_lin_track": 0.8184292316436768,
      "mean_ang_track": 0.9304105639457703,
      "gait_adh": 0.35532205664296157,
      "clear_err": 0.002190136698720955,
      "slip_rate": 0.11105922181159258,
      "smoothness": 1.664197976946274,
      "base_z_var": 0.00033054777970698435,
      "contact_sym": 0.946,
      "stride_var": 0.0001562123536502154,
      "jtorque_var": 3.3030172558109956
    },
    {
      "reward": 1356.868896484375,
      "length": 500,
      "outcome": "success",
      "vel_rmse": 0.1612611562013626,
      "fwd_disp": -0.11729893833398819,
      "mean_lin_track": 0.8934183120727539,
      "mean_ang_track": 0.9263901114463806,
      "gait_adh": 0.35206643843187396,
      "clear_err": 0.0031961299124049977,
      "slip_rate": 0.10497041476460603,
      "smoothness": 0.9559702579190327,
      "base_z_var": 0.00047984131375135975,
      "contact_sym": 0.932,
      "stride_var": 0.0005930724501655261,
      "jtorque_var": 3.959265737131274
    },
    {
      "reward": 1153.498046875,
      "length": 500,
      "outcome": "success",
      "vel_rmse": 0.07471135258674622,
      "fwd_disp": 0.0,
      "mean_lin_track": 0.9521191120147705,
      "mean_ang_track": 0.9375218152999878,
      "gait_adh": 0.35067117348426496,
      "clear_err": 0.006177253129921559,
      "slip_rate": 0.38904036954045296,
      "smoothness": 0.9958242221933332,
      "base_z_var": 0.0015355899648058786,
      "contact_sym": 0.926,
      "stride_var": 0.0011771088318395762,
      "jtorque_var": 5.17291863583053
    },
    {
      "reward": 1379.59375,
      "length": 500,
      "outcome": "success",
      "vel_rmse": 0.11546160280704498,
      "fwd_disp": 0.08077508956193924,
      "mean_lin_track": 0.9374882578849792,
      "mean_ang_track": 0.9236344695091248,
      "gait_adh": 0.35625223327470085,