{
  "schema_version": 1,
  "sim": "isaac",
  "method": "RMA",
  "priv_mode": "FULL",
  "latent_dim": "8",
  "dr_scale": 1.0,
  "episode_length_s": 10.0,
  "vel_rmse_threshold": 0.3,
  "checkpoint": "model_final.pt",
  "episodes": [
    {
      "reward": 551.8070678710938,
      "length": 310,
      "outcome": "fail",
      "vel_rmse": 0.18368887901306152,
      "fwd_disp": 0.4760260283946991,
      "mean_lin_track": 0.8581419587135315,
      "mean_ang_track": 0.44473326206207275,
      "gait_adh": 0.3176198973597212,
      "clear_err": 0.004488895258956938,
      "slip_rate": 0.38535185530781746,
      "smoothness": 1.6636014757571165,
      "base_z_var": 0.0008703790932997877,
      "contact_sym": 0.7838709677419354,
      "stride_var": 0.012331091884184476,
      "jtorque_var": 5.564530697779161
    },
    {
      "reward": 531.547607421875,
      "length": 316,
      "outcome": "fail",
      "vel_rmse": 0.27979156374931335,
      "fwd_disp": 0.45204341411590576,
      "mean_lin_track": 0.7324435114860535,
      "mean_ang_track": 0.4658043384552002,
      "gait_adh": 0.33034858023892244,
      "clear_err": 0.007134593562920143,
      "slip_rate": 0.4983571767807007,
      "smoothness": 1.2903075818511138,
      "base_z_var": 0.0015909346210727245,
      "contact_sym": 0.8386075949367089,
      "stride_var": 0.0,
      "jtorque_var": 9.678520534633408
    },
    {
      "reward": 940.7435913085938,
      "length": 460,
      "outcome": "fail",
      "vel_rmse": 0.2090400755405426,
      "fwd_disp": -0.3423970937728882,
      "mean_lin_track": 0.8418406844139099,
      "mean_ang_track": 0.4169861674308777,
      "gait_adh": 0.3602964794996545,
      "clear_err": 0.002728257338947616,
      "slip_rate": 0.5526195634156466,
      "smoothness": 0.7625011995108724,
      "base_z_var": 0.000339083022609959,
      "contact_sym": 0.967391304347826,
      "stride_var": 0.0,
      "jtorque_var": 2.806238539489892
    },
    {
      "reward": 974.1396484375,
      "length": 500,
      "outcome": "success",
      "vel_rmse": 0.29788896441459656,
      "fwd_disp": 0.12951618432998657,
      "mean_lin_track": 0.6993871331214905,
      "mean_ang_track": 0.45716437697410583,
      "gait_adh": 0.3609031164333975,
      "clear_err": 0.006530322083995658,
      "slip_rate": 0.12740361814697584,
      "smoothness": 0.964645680944075,
      "base_z_var": 0.0005907916355578604,
      "contact_sym": 0.97,
      "stride_var": 0.000528491299164205,
      "jtorque_var": 3.3006313865922325
    },
    {
      "reward": 991.979248046875,
      "length": 500,
      "outcome": "success",
      "vel_rmse": 0.25259271264076233,
      "fwd_disp": 0.2598850429058075,
      "mean_lin_track": 0.7730364799499512,
      "mean_ang_track": 0.4387487769126892,
      "gait_adh": 0.3418344954827414,
      "clear_err": 0.004263839668292925,
      "slip_rate": 0.11975104310032395,
      "smoothness": 0.9972533471519686,
      "base_z_var": 0.0011021151965081408,
      "contact_sym": 0.888,
      "stride_var": 0.0012302062294974577,
      "jtorque_var": 4.320380797126478
    },
    {
      "reward": 1119.5806884765625,
      "length": 500,
      "outcome": "success",
      "vel_rmse": 0.07629981637001038,
      "fwd_disp": -0.040359772741794586,
      "mean_lin_track": 0.958324134349823,
      "mean_ang_track": 0.37873920798301697,
      "gait_adh": 0.3641587346444851,
      "clear_err": 0.004251983735159571,
      "slip_rate": 0.34504789113998413,
      "smoothness": 0.758085557866892,
      "base_z_var": 0.0007664891196433699,
      "contact_sym": 0.984,
      "stride_var": 0.0,
      "jtorque_var": 2.116001913790464
    },
    {
      "reward": 941.240478515625,
      "length": 500,
      "outcome": "partial",
      "vel_rmse": 0.3383907675743103,
      "fwd_disp": 0.09142914414405823,
      "mean_lin_track": 0.6327142119407654,
      "mean_ang_track": 0.4158383905887604,
      "gait_adh": 0.3609031164333975,
      "clear_err": 0.0012334205310140062,
      "slip_rate": 0.04692097008228302,
      "smoothness": 0.7176889104382222,
      "base_z_var": 0.00043075598994330187,
      "contact_sym": 0.97,
      "stride_var": 9.338694058441683e-05,
      "jtorque_var": 3.0459217042923092
    },
    {
      "reward": 838.1648559570312,
      "length": 500,
      "outcome": "success",
      "vel_rmse": 0.188425213098526,
      "fwd_disp": 1.1474334001541138,
      "mean_lin_track": 0.8423293232917786,
      "mean_ang_track": 0.6910678148269653,
      "gait_adh": 0.3613682047492672,
      "clear_err": 0.007954794425991252,
      "slip_rate": 0.062428257117668785,
      "smoothness": 1.8503133056070817,
      "base_z_var": 0.0016681815609729713,
      "contact_sym": 0.972,
      "stride_var": 0.0,
      "jtorque_var": 9.91775242337212
    },
    {
      "reward": 1046.5255126953125,
      "length": 500,
      "outcome": "success",
      "vel_rmse": 0.16668865084648132,
      "fwd_disp": 0.1805066019296646,
      "mean_lin_track": 0.886303186416626,
      "mean_ang_track": 0.4427306056022644,
      "gait_adh": 0.36369364632861545,
      "clear_err": 0.006534907105037997,
      "slip_rate": 0.1328178495168686,
      "smoothness": 0.8139384416152551,
      "base_z_var": 0.0009566789864579804,
      "contact_sym": 0.982,
      "stride_var": 0.0,
      "jtorque_var": 4.93387897153346
    },
    {
      "reward": 824.271484375,
      "length": 500,
      "outcome": "partial",
      "vel_rmse": 0.3060944676399231,
      "fwd_disp": 0.12428680062294006,
      "mean_lin_track": 0.686100423336029,
      "mean_ang_track": 0.461871862411499,
      "gait_adh": 0.3622983813810065,
      "clear_err": 0.008709567476988825,
      "slip_rate": 0.3176720440387726,
      "smoothness": 1.1175801446758056,
      "base_z_var": 0.0023580735806948356,
      "contact_sym": 0.976,
      "stride_var": 0.0,
      "jtorque_var": 5.024237459847739
    },
    {
      "reward": 968.7710571289062,
      "length": 500,
      "outcome": "success",
      "vel_rmse": 0.2661016285419464,
      "fwd_disp": 0.6735779047012329,
      "mean_lin_track": 0.745418131351471,
      "mean_ang_track": 0.932121753692627,
      "gait_adh": 0.3622983813810065,
      "clear_err": 0.007291165217691514,
      "slip_rate": 0.15421891771256924,
      "smoothness": 0.918843742000263,
      "base_z_var": 0.0019493479663584131,
      "contact_sym": 0.976,
      "stride_var": 0.0,
      "jtorque_var": 7.208937557334629
    },
    {
      "reward": 1000.2024536132812,
      "length": 500,
      "outcome": "success",
      "vel_rmse": 0.08592905849218369,
      "fwd_disp": 0.0,
      "mean_lin_track": 0.9384831786155701,
      "mean_ang_track": 0.9617921710014343,
      "gait_adh": 0.3632285580127458,
      "clear_err": 0.0011707828596122943,
      "slip_rate": 0.8819059990346432,
      "smoothness": 0.33592401462168325,
      "base_z_var": 0.0003285924301194298,
      "contact_sym": 0.98,
      "stride_var": 0.0,
      "jtorque_var": 3.263230575247937
    },
    {
      "reward": 830.5462646484375,
      "length": 500,
      "outcome": "success",
      "vel_rmse": 0.22442308068275452,
      "fwd_disp": 0.07271432876586914,
      "mean_lin_track": 0.8123893737792969,
      "mean_ang_track": 0.4197978675365448,
      "gait_adh": 0.36369364632861545,
      "clear_err": 0.004712424353693649,
      "slip_rate": 0.07682932913303375,
      "smoothness": 1.2583412156544624,
      "base_z_var": 0.0011141782462501687,
      "contact_sym": 0.982,
      "stride_var": 0.0,
      "jtorque_var": 3.729126856687344
    },
    {
      "reward": 759.0195922851562,
      "length": 500,
      "outcome": "success",
      "vel_rmse": 0.08163844794034958,
      "fwd_disp": 0.0,
      "mean_lin_track": 0.9365958571434021,
      "mean_ang_track": 0.9457617402076721,
      "gait_adh": 0.3627634696968761,
      "clear_err": 0.008005363689197808,
      "slip_rate": 0.12097425013780594,
      "smoothness": 0.6752056353134362,
      "base_z_var": 0.001404842973053668,