{
  "schema_version": 1,
  "sim": "isaac",
  "method": "BASELINE",
  "priv_mode": "BASE",
  "latent_dim": "NA",
  "dr_scale": 1.0,
  "episode_length_s": 10.0,
  "vel_rmse_threshold": 0.3,
  "checkpoint": "model_final.pt",
  "episodes": [
    {
      "reward": 1363.9537353515625,
      "length": 500,
      "outcome": "success",
      "vel_rmse": 0.11165157705545425,
      "fwd_disp": 2.0861518383026123,
      "mean_lin_track": 0.9329565167427063,
      "mean_ang_track": 0.9107866883277893,
      "gait_adh": 0.3171848147416495,
      "clear_err": 0.004819807785974701,
      "slip_rate": 0.08358785266486499,
      "smoothness": 1.39409873333296,
      "base_z_var": 0.00041953297908538,
      "contact_sym": 0.782,
      "stride_var": 0.00044120501286919184,
      "jtorque_var": 8.741671019592365
    },
    {
      "reward": 1230.42236328125,
      "length": 500,
      "outcome": "success",
      "vel_rmse": 0.17720699310302734,
      "fwd_disp": 0.943209707736969,
      "mean_lin_track": 0.8723828792572021,
      "mean_ang_track": 0.9339942932128906,
      "gait_adh": 0.3306723759018696,
      "clear_err": 0.007698867817862899,
      "slip_rate": 0.13836785039165989,
      "smoothness": 2.223019855756089,
      "base_z_var": 0.0008523952755816758,
      "contact_sym": 0.84,
      "stride_var": 0.0005262417726921045,
      "jtorque_var": 7.202321504760892
    },
    {
      "reward": 1349.2763671875,
      "length": 500,
      "outcome": "success",
      "vel_rmse": 0.10886200517416,
      "fwd_disp": 2.04846453666687,
      "mean_lin_track": 0.9346226453781128,
      "mean_ang_track": 0.9480870962142944,
      "gait_adh": 0.32183569790034605,
      "clear_err": 0.0062859627927426285,
      "slip_rate": 0.16137099086210646,
      "smoothness": 1.6364743422015027,
      "base_z_var": 0.0005477895515459887,
      "contact_sym": 0.802,
      "stride_var": 0.00033580975089480023,
      "jtorque_var": 9.602289929627359
    },
    {
      "reward": 1294.809814453125,
      "length": 500,
      "outcome": "success",
      "vel_rmse": 0.13410358130931854,
      "fwd_disp": 0.34243327379226685,
      "mean_lin_track": 0.9134350419044495,
      "mean_ang_track": 0.8535231947898865,
      "gait_adh": 0.3450901136938291,
      "clear_err": 0.0034119775462326607,
      "slip_rate": 0.5475959130562842,
      "smoothness": 1.6991474585043762,
      "base_z_var": 0.00028313644395750804,
      "contact_sym": 0.902,
      "stride_var": 0.0011874223617638307,
      "jtorque_var": 5.858013490680119
    },
    {
      "reward": 1301.022216796875,
      "length": 500,
      "outcome": "success",
      "vel_rmse": 0.04341816529631615,
      "fwd_disp": 0.0,
      "mean_lin_track": 0.9866779446601868,
      "mean_ang_track": 0.9641687870025635,
      "gait_adh": 0.3646238229603548,
      "clear_err": 0.0010273574672102943,
      "slip_rate": 0.34293511509895325,
      "smoothness": 0.8541836804218095,
      "base_z_var": 0.0005004566301905568,
      "contact_sym": 0.986,
      "stride_var": 0.0,
      "jtorque_var": 1.7809392976178409
    },
    {
      "reward": 1270.6622314453125,
      "length": 500,
      "outcome": "success",
      "vel_rmse": 0.16588957607746124,
      "fwd_disp": 0.634326696395874,
      "mean_lin_track": 0.8785738348960876,
      "mean_ang_track": 0.8670433759689331,
      "gait_adh": 0.3390439655875235,
      "clear_err": 0.0032809344701164554,
      "slip_rate": 0.09165099691599607,
      "smoothness": 1.66588556047585,
      "base_z_var": 0.0004264657905346841,
      "contact_sym": 0.876,
      "stride_var": 0.000676125144265625,
      "jtorque_var": 6.398923428880437
    },
    {
      "reward": 1218.775146484375,
      "length": 500,
      "outcome": "success",
      "vel_rmse": 0.16312822699546814,
      "fwd_disp": 1.7846794128417969,
      "mean_lin_track": 0.8706134557723999,
      "mean_ang_track": 0.8984755277633667,
      "gait_adh": 0.31904516800512817,
      "clear_err": 0.014355394092486816,
      "slip_rate": 0.09067998877726495,
      "smoothness": 2.1621119784530904,
      "base_z_var": 0.0017561096027350856,
      "contact_sym": 0.79,
      "stride_var": 0.0010503132012686955,
      "jtorque_var": 7.488413538024031
    },
    {
      "reward": 1292.290771484375,
      "length": 500,
      "outcome": "success",
      "vel_rmse": 0.09242317080497742,
      "fwd_disp": -0.0006569608813151717,
      "mean_lin_track": 0.9526116847991943,
      "mean_ang_track": 0.8433253765106201,
      "gait_adh": 0.346485378641438,
      "clear_err": 0.005089245384729661,
      "slip_rate": 0.3058965992267159,
      "smoothness": 1.5186777578457484,
      "base_z_var": 0.0008435352607157275,
      "contact_sym": 0.908,
      "stride_var": 0.0004956314701021127,
      "jtorque_var": 6.4766786273271615
    },
    {
      "reward": 1233.3485107421875,
      "length": 500,
      "outcome": "success",
      "vel_rmse": 0.09988394379615784,
      "fwd_disp": 0.5231859683990479,
      "mean_lin_track": 0.9458582401275635,
      "mean_ang_track": 0.6778028011322021,
      "gait_adh": 0.3548569683270919,
      "clear_err": 0.0017864085099926084,
      "slip_rate": 0.6343507526649369,
      "smoothness": 2.425964812319991,
      "base_z_var": 0.00014726838790585909,
      "contact_sym": 0.944,
      "stride_var": 0.00027910629675616754,
      "jtorque_var": 5.78192464403126
    },
    {
      "reward": 1083.129150390625,
      "length": 500,
      "outcome": "success",
      "vel_rmse": 0.201819509267807,
      "fwd_disp": 0.23458470404148102,
      "mean_lin_track": 0.8409608006477356,
      "mean_ang_track": 0.5393729209899902,
      "gait_adh": 0.3581125865381795,
      "clear_err": 0.0009712888770319064,
      "slip_rate": 0.7768856870631377,
      "smoothness": 2.563285254629188,
      "base_z_var": 0.00010855388717235654,
      "contact_sym": 0.958,
      "stride_var": 0.0009610212361621341,
      "jtorque_var": 4.0522340339130976
    },
    {
      "reward": 1324.9912109375,
      "length": 500,
      "outcome": "success",
      "vel_rmse": 0.1867649257183075,
      "fwd_disp": 1.4444981813430786,
      "mean_lin_track": 0.8537203669548035,
      "mean_ang_track": 0.9455146789550781,
      "gait_adh": 0.3278818460066517,
      "clear_err": 0.0030376706562420604,
      "slip_rate": 0.10781311239539222,
      "smoothness": 1.770317176517337,
      "base_z_var": 0.00022971740617484533,
      "contact_sym": 0.828,
      "stride_var": 0.0003919407972375405,
      "jtorque_var": 7.481663396877541
    },
    {
      "reward": 1297.7327880859375,
      "length": 500,
      "outcome": "success",
      "vel_rmse": 0.15966013073921204,
      "fwd_disp": 0.1044984832406044,
      "mean_lin_track": 0.8963392376899719,
      "mean_ang_track": 0.8889011144638062,
      "gait_adh": 0.3543918800112223,
      "clear_err": 0.006472361120570437,
      "slip_rate": 0.048655126127414405,
      "smoothness": 1.4461286625426129,
      "base_z_var": 0.0012911373387828056,
      "contact_sym": 0.942,
      "stride_var": 0.00027458428397338975,
      "jtorque_var": 3.8573495040613994
    },
    {
      "reward": 1261.521728515625,
      "length": 500,
      "outcome": "success",
      "vel_rmse": 0.1524956077337265,
      "fwd_disp": 0.6218280792236328,
      "mean_lin_track": 0.896769642829895,
      "mean_ang_track": 0.9013744592666626,
      "gait_adh": 0.3348581707446966,
      "clear_err": 0.006896650026061454,
      "slip_rate": 0.11736277748758976,
      "smoothness": 2.068912816967695,
      "base_z_var": 0.002006160036165648,
      "contact_sym": 0.858,
      "stride_var": 8.227718088634372e-05,
      "jtorque_var": 5.666404282881673
    },
    {
      "reward": 1289.7635498046875,
      "length": 500,
      "outcome": "success",
      "vel_rmse": 0.1075187474489212,
      "fwd_disp": 2.776390314102173,
      "mean_lin_track": 0.9322356581687927,
      "mean_ang_track": 0.9234318137168884,
      "gait_adh": 0.29486057557990586,
      "clear_err": 0.015255727993737289,