{
  "schema_version": 1,
  "sim": "mujoco",
  "method": "BASELINE",
  "priv_mode": "BASE",
  "latent_dim": "NA",
  "dr_scale": 2.0,
  "episode_length_s": 10.0,
  "vel_rmse_threshold": 0.3,
  "checkpoint": "model_final.pt",
  "vel_cmd": [
    0.5,
    0.0,
    0.0
  ],
  "episodes": [
    {
      "reward": 978.0237705897888,
      "length": 500,
      "outcome": "partial",
      "vel_rmse": 0.4868684444147827,
      "fwd_disp": 0.14963965717025013,
      "mean_lin_track": 0.39115360837524477,
      "mean_ang_track": 0.9931512508483594,
      "gait_adh": 0.14463704955400591,
      "clear_err": 3.674687583336155e-05,
      "slip_rate": 0.9469137830393655,
      "smoothness": 0.03743926335316908,
      "base_z_var": 1.1379961633563397e-05,
      "contact_sym": 0.0,
      "stride_var": 0.0007028045754457049,
      "jtorque_var": 1.9357650177519787
    },
    {
      "reward": 981.6150461949145,
      "length": 500,
      "outcome": "partial",
      "vel_rmse": 0.4854216012811531,
      "fwd_disp": 0.16413197691684525,
      "mean_lin_track": 0.39185785994548217,
      "mean_ang_track": 0.9956467995140666,
      "gait_adh": 0.140451254711179,
      "clear_err": 2.6362398977026834e-05,
      "slip_rate": 0.7631306797266006,
      "smoothness": 0.05189270851356449,
      "base_z_var": 1.656489432238358e-05,
      "contact_sym": 0.0,
      "stride_var": 0.0006105664505041694,
      "jtorque_var": 1.3450022114255777
    },
    {
      "reward": 1204.5754314534897,
      "length": 500,
      "outcome": "success",
      "vel_rmse": 0.13845272819908747,
      "fwd_disp": 4.115401759119416,
      "mean_lin_track": 0.901595481853826,
      "mean_ang_track": 0.9514105571154644,
      "gait_adh": 0.345659280586309,
      "clear_err": 0.0012430560646925866,
      "slip_rate": 1.2383794412016869,
      "smoothness": 0.5926029922637606,
      "base_z_var": 3.245189349949933e-05,
      "contact_sym": 0.114,
      "stride_var": 0.0013176091545697632,
      "jtorque_var": 11.240661168516981
    },
    {
      "reward": 54.16705927138987,
      "length": 500,
      "outcome": "partial",
      "vel_rmse": 0.5205091317942497,
      "fwd_disp": 0.09278480803917374,
      "mean_lin_track": 0.34538368800309394,
      "mean_ang_track": 0.9565105995119907,
      "gait_adh": 0.181379026507709,
      "clear_err": 0.00013258118341742117,
      "slip_rate": 0.4448567738135656,
      "smoothness": 1.4335844563838316,
      "base_z_var": 0.00013344314240733038,
      "contact_sym": 0.0,
      "stride_var": 0.00046011312041073797,
      "jtorque_var": 8.416417554687646
    },
    {
      "reward": 836.9952008175381,
      "length": 500,
      "outcome": "partial",
      "vel_rmse": 0.36633078974154293,
      "fwd_disp": 1.4857319390852073,
      "mean_lin_track": 0.5851206529210959,
      "mean_ang_track": 0.9323849660720281,
      "gait_adh": 0.20093875541838727,
      "clear_err": 0.0002860681552969597,
      "slip_rate": 0.6983555124378672,
      "smoothness": 1.4246922306126568,
      "base_z_var": 3.54902585774872e-05,
      "contact_sym": 0.028,
      "stride_var": 0.018671410116463068,
      "jtorque_var": 16.37402334439004
    },
    {
      "reward": 1276.6081361768752,
      "length": 500,
      "outcome": "success",
      "vel_rmse": 0.07073725374290153,
      "fwd_disp": 4.620220468113596,
      "mean_lin_track": 0.9586980813814799,
      "mean_ang_track": 0.8966618169066963,
      "gait_adh": 0.3894686510325909,
      "clear_err": 0.0012515194311827434,
      "slip_rate": 0.8886449725731559,
      "smoothness": 0.6541022313439956,
      "base_z_var": 1.1551096378073882e-05,
      "contact_sym": 0.21,
      "stride_var": 0.001524249893922336,
      "jtorque_var": 10.00682784539954
    },
    {
      "reward": 1113.1753936775854,
      "length": 500,
      "outcome": "success",
      "vel_rmse": 0.281506768641379,
      "fwd_disp": 2.4027270252639004,
      "mean_lin_track": 0.7186865432488112,
      "mean_ang_track": 0.9524462755109996,
      "gait_adh": 0.2762630850515631,
      "clear_err": 0.0005027697111906695,
      "slip_rate": 0.6832137921961342,
      "smoothness": 0.34879865551184713,
      "base_z_var": 6.068853540130168e-05,
      "contact_sym": 0.078,
      "stride_var": 0.006752476425064429,
      "jtorque_var": 7.839186566678144
    },
    {
      "reward": 237.09173903645836,
      "length": 325,
      "outcome": "fail",
      "vel_rmse": 0.4564356557943966,
      "fwd_disp": 0.7311706700803702,
      "mean_lin_track": 0.5180453550432276,
      "mean_ang_track": 0.7164762761996856,
      "gait_adh": 0.2997634652155337,
      "clear_err": 0.02560635084533848,
      "slip_rate": 1.09687494606741,
      "smoothness": 2.0887732255191915,
      "base_z_var": 0.00048617477426110393,
      "contact_sym": 0.12,
      "stride_var": 0.0408872959602726,
      "jtorque_var": 33.72236952300881
    },
    {
      "reward": 1126.31662050782,
      "length": 500,
      "outcome": "success",
      "vel_rmse": 0.2025299902632974,
      "fwd_disp": 3.3157839985309177,
      "mean_lin_track": 0.8252301732034053,
      "mean_ang_track": 0.9105834298769734,
      "gait_adh": 0.34603237453845564,
      "clear_err": 0.0007854978164975989,
      "slip_rate": 1.4632118679583073,
      "smoothness": 0.7280580244372935,
      "base_z_var": 2.927904125133172e-05,
      "contact_sym": 0.156,
      "stride_var": 0.003989643616914364,
      "jtorque_var": 12.684427243483592
    },
    {
      "reward": 804.3615956513148,
      "length": 500,
      "outcome": "partial",
      "vel_rmse": 0.42351841701350185,
      "fwd_disp": 0.8582124951910058,
      "mean_lin_track": 0.4913508577288337,
      "mean_ang_track": 0.8108607337643272,
      "gait_adh": 0.21881515207740024,
      "clear_err": 0.00023986082105552034,
      "slip_rate": 0.8666872839655793,
      "smoothness": 1.4071050592435215,
      "base_z_var": 3.160701519191645e-05,
      "contact_sym": 0.034,
      "stride_var": 0.0008365655823634893,
      "jtorque_var": 14.83670463550429
    },
    {
      "reward": 1166.8616066830266,
      "length": 500,
      "outcome": "success",
      "vel_rmse": 0.1803263319768317,
      "fwd_disp": 4.71867422691174,
      "mean_lin_track": 0.8621510469641064,
      "mean_ang_track": 0.9801831310101052,
      "gait_adh": 0.44111947373827565,
      "clear_err": 0.0011119879631888894,
      "slip_rate": 1.7188663040239787,
      "smoothness": 0.7056675598392445,
      "base_z_var": 1.1948643318392546e-05,
      "contact_sym": 0.238,
      "stride_var": 0.0011373562317773562,
      "jtorque_var": 14.13485189882529
    },
    {
      "reward": 54.7051039831645,
      "length": 256,
      "outcome": "fail",
      "vel_rmse": 0.43440177744143604,
      "fwd_disp": 0.6607821845032994,
      "mean_lin_track": 0.5102522423702421,
      "mean_ang_track": 0.6337191202191486,
      "gait_adh": 0.261228340017849,
      "clear_err": 0.01493109362404942,
      "slip_rate": 1.353283267306245,
      "smoothness": 2.5978492740708043,
      "base_z_var": 0.0016519249920407028,
      "contact_sym": 0.0703125,
      "stride_var": 0.0029824705231116947,
      "jtorque_var": 23.83532437753357
    },
    {
      "reward": 1021.4791597658226,
      "length": 500,
      "outcome": "partial",
      "vel_rmse": 0.49858931168519816,
      "fwd_disp": 0.028443827522873343,
      "mean_lin_track": 0.3704389088018229,
      "mean_ang_track": 0.9988076296860644,
      "gait_adh": 0.13533528323661276,
      "clear_err": 1.4850600249742635e-05,
      "slip_rate": 1.6106466054916382,
      "smoothness": 0.010113236818152294,
      "base_z_var": 2.9786164099476904e-06,
      "contact_sym": 0.0,
      "stride_var": 0.0,
      "jtorque_var": 0.368574635704599
    },
    {
      "reward": 229.04180519914487,
      "length": 210,
      "outcome": "fail",
      "vel_rmse": 0.460318447901053,
      "fwd_disp": 0.3906805004397172,
      "mean_lin_track": 0.4540978441557721,
      "mean_ang_track": 0.8414156987954736,