{
  "schema_version": 1,
  "sim": "mujoco",
  "method": "CTS",
  "priv_mode": "FULL",
  "latent_dim": "8",
  "dr_scale": 2.0,
  "episode_length_s": 10.0,
  "vel_rmse_threshold": 0.3,
  "checkpoint": "model_final.pt",
  "vel_cmd": [
    0.5,
    0.0,
    0.0
  ],
  "episodes": [
    {
      "reward": 994.0966222979137,
      "length": 500,
      "outcome": "success",
      "vel_rmse": 0.18277548915839645,
      "fwd_disp": 4.010607677588297,
      "mean_lin_track": 0.8527511415123671,
      "mean_ang_track": 0.8713367315024737,
      "gait_adh": 0.25936286220615096,
      "clear_err": 0.0010921271298871967,
      "slip_rate": 2.065177864466722,
      "smoothness": 1.4677066075393173,
      "base_z_var": 0.0002598874118847495,
      "contact_sym": 0.108,
      "stride_var": 0.0022796427981142957,
      "jtorque_var": 21.020919510621983
    },
    {
      "reward": 668.1942209916363,
      "length": 500,
      "outcome": "success",
      "vel_rmse": 0.2391836797732983,
      "fwd_disp": 3.1225911379171913,
      "mean_lin_track": 0.7771452985153553,
      "mean_ang_track": 0.9134030589245197,
      "gait_adh": 0.21337812593899247,
      "clear_err": 0.0008607498887369842,
      "slip_rate": 1.3804096522396558,
      "smoothness": 1.6342597585535699,
      "base_z_var": 0.0017328279410486957,
      "contact_sym": 0.088,
      "stride_var": 0.0036266785867605862,
      "jtorque_var": 15.75753301530077
    },
    {
      "reward": 1067.870954141173,
      "length": 500,
      "outcome": "success",
      "vel_rmse": 0.16459176623087787,
      "fwd_disp": 4.865741891797275,
      "mean_lin_track": 0.8773759459104957,
      "mean_ang_track": 0.9471171263310247,
      "gait_adh": 0.2284639927027875,
      "clear_err": 0.0014870221495044947,
      "slip_rate": 1.3870843035994835,
      "smoothness": 1.2577571189565557,
      "base_z_var": 0.00023127586673652519,
      "contact_sym": 0.124,
      "stride_var": 0.0021489587461859115,
      "jtorque_var": 13.063995952850895
    },
    {
      "reward": -66.41887152112236,
      "length": 440,
      "outcome": "fail",
      "vel_rmse": 0.3844775251603921,
      "fwd_disp": 3.0595470904953137,
      "mean_lin_track": 0.5893552535966555,
      "mean_ang_track": 0.6496114929472353,
      "gait_adh": 0.2582916087001281,
      "clear_err": 0.009950904943351374,
      "slip_rate": 2.255242293672775,
      "smoothness": 3.188938190534771,
      "base_z_var": 0.0028165451379468798,
      "contact_sym": 0.12954545454545455,
      "stride_var": 0.024463653581885823,
      "jtorque_var": 29.58129781494823
    },
    {
      "reward": 805.5619072480744,
      "length": 500,
      "outcome": "partial",
      "vel_rmse": 0.4013881747959982,
      "fwd_disp": 1.0881058890753883,
      "mean_lin_track": 0.5273071576313831,
      "mean_ang_track": 0.9624995640564328,
      "gait_adh": 0.1437068729222666,
      "clear_err": 5.553309231615951e-05,
      "slip_rate": 0.8438553799475942,
      "smoothness": 2.0764090168115925,
      "base_z_var": 8.149283528646086e-05,
      "contact_sym": 0.0,
      "stride_var": 0.011930932779895187,
      "jtorque_var": 13.402623094325003
    },
    {
      "reward": 1140.6409517410953,
      "length": 500,
      "outcome": "success",
      "vel_rmse": 0.1380075169435002,
      "fwd_disp": 4.3250126395851405,
      "mean_lin_track": 0.910674855347874,
      "mean_ang_track": 0.9762619451982947,
      "gait_adh": 0.18618695314051004,
      "clear_err": 0.0011400443062232713,
      "slip_rate": 1.0758246782126728,
      "smoothness": 1.0658424159474764,
      "base_z_var": 8.89673512252246e-05,
      "contact_sym": 0.028,
      "stride_var": 0.0002511790726784022,
      "jtorque_var": 12.88731078230837
    },
    {
      "reward": 855.580016136274,
      "length": 500,
      "outcome": "success",
      "vel_rmse": 0.2467999877438924,
      "fwd_disp": 2.9641117693272605,
      "mean_lin_track": 0.7619087020007497,
      "mean_ang_track": 0.8928215320487597,
      "gait_adh": 0.20791508015643217,
      "clear_err": 0.0006241373377691129,
      "slip_rate": 0.9862196864239101,
      "smoothness": 0.6476315612858905,
      "base_z_var": 0.0010113826792613535,
      "contact_sym": 0.044,
      "stride_var": 0.025700021942219015,
      "jtorque_var": 14.777256811700198
    },
    {
      "reward": 124.07377623433186,
      "length": 165,
      "outcome": "fail",
      "vel_rmse": 0.3860022401166266,
      "fwd_disp": 0.6443311085018743,
      "mean_lin_track": 0.5725283487643558,
      "mean_ang_track": 0.6966907421135446,
      "gait_adh": 0.22253670317594934,
      "clear_err": 0.005940016756714064,
      "slip_rate": 1.3062431758100337,
      "smoothness": 1.9548878864401904,
      "base_z_var": 0.000859409248862154,
      "contact_sym": 0.09696969696969697,
      "stride_var": 0.0025447634371284864,
      "jtorque_var": 32.961557775861365
    },
    {
      "reward": 897.7158220567583,
      "length": 500,
      "outcome": "success",
      "vel_rmse": 0.21695897113267704,
      "fwd_disp": 6.214997472216727,
      "mean_lin_track": 0.7876356347655938,
      "mean_ang_track": 0.9338893961411638,
      "gait_adh": 0.17095705272468686,
      "clear_err": 0.002019426011803713,
      "slip_rate": 2.1084376216999123,
      "smoothness": 1.3428877981960357,
      "base_z_var": 0.00019847653167580543,
      "contact_sym": 0.048,
      "stride_var": 0.00010822880613120065,
      "jtorque_var": 17.212606644992448
    },
    {
      "reward": 455.8346505605815,
      "length": 441,
      "outcome": "fail",
      "vel_rmse": 0.3815554292079319,
      "fwd_disp": 1.918914530525323,
      "mean_lin_track": 0.5789843370274042,
      "mean_ang_track": 0.7076973253743453,
      "gait_adh": 0.2436120952858016,
      "clear_err": 0.002437360490616882,
      "slip_rate": 1.2673964556028594,
      "smoothness": 1.5934291943522845,
      "base_z_var": 0.000711363799712684,
      "contact_sym": 0.1111111111111111,
      "stride_var": 0.004133914211520373,
      "jtorque_var": 33.58147552676022
    },
    {
      "reward": 994.1042480484932,
      "length": 500,
      "outcome": "success",
      "vel_rmse": 0.18243806158882045,
      "fwd_disp": 6.064519970075135,
      "mean_lin_track": 0.845478462389054,
      "mean_ang_track": 0.9511291485066359,
      "gait_adh": 0.17912560175437478,
      "clear_err": 0.001935399175700072,
      "slip_rate": 1.630547446831492,
      "smoothness": 1.2719851055279439,
      "base_z_var": 0.00012940826844006176,
      "contact_sym": 0.048,
      "stride_var": 0.0012343489942684424,
      "jtorque_var": 19.32357993763244
    },
    {
      "reward": 553.5643120747563,
      "length": 500,
      "outcome": "partial",
      "vel_rmse": 0.35385910449496133,
      "fwd_disp": 2.0090926000586466,
      "mean_lin_track": 0.6064738996449478,
      "mean_ang_track": 0.8907782354212969,
      "gait_adh": 0.18185712464565496,
      "clear_err": 0.0012921824858551766,
      "slip_rate": 1.6339875679049227,
      "smoothness": 1.7046760970468324,
      "base_z_var": 0.0019535920695966684,
      "contact_sym": 0.058,
      "stride_var": 0.0011765129347987568,
      "jtorque_var": 14.002165006125312
    },
    {
      "reward": 1118.3294560650083,
      "length": 500,
      "outcome": "success",
      "vel_rmse": 0.13649274095928468,
      "fwd_disp": 4.757654628299461,
      "mean_lin_track": 0.9151346929226789,
      "mean_ang_track": 0.9368044665351212,
      "gait_adh": 0.21909020955938024,
      "clear_err": 0.0015212112243351164,
      "slip_rate": 1.968885237931228,
      "smoothness": 1.0729217318447266,
      "base_z_var": 0.00012335053114402334,
      "contact_sym": 0.12,
      "stride_var": 0.0005879337099812418,
      "jtorque_var": 17.28744044309129
    },
    {
      "reward": -161.10692077688495,
      "length": 500,
      "outcome": "partial",
      "vel_rmse": 0.5432215460195913,
      "fwd_disp": -0.17020097291777606,
      "mean_lin_track": 0.43225088879441237,