{
  "schema_version": 1,
  "sim": "mujoco",
  "method": "BASELINE",
  "priv_mode": "BASE",
  "latent_dim": "NA",
  "dr_scale": 1.0,
  "episode_length_s": 10.0,
  "vel_rmse_threshold": 0.3,
  "checkpoint": "model_final.pt",
  "vel_cmd": [
    0.5,
    0.0,
    0.0
  ],
  "episodes": [
    {
      "reward": 1017.0296752023611,
      "length": 500,
      "outcome": "partial",
      "vel_rmse": 0.4948124764295558,
      "fwd_disp": 0.05722830259727935,
      "mean_lin_track": 0.3793229022496435,
      "mean_ang_track": 0.9952202450636173,
      "gait_adh": 0.13533528323661276,
      "clear_err": 5.243371855160493e-06,
      "slip_rate": 0.8976514935493469,
      "smoothness": 0.036074762559325284,
      "base_z_var": 7.298198339459932e-06,
      "contact_sym": 0.0,
      "stride_var": 0.0,
      "jtorque_var": 1.4558331165938823
    },
    {
      "reward": 1125.087018523784,
      "length": 500,
      "outcome": "success",
      "vel_rmse": 0.2771928011978397,
      "fwd_disp": 2.337541789121099,
      "mean_lin_track": 0.7119887925635814,
      "mean_ang_track": 0.9514927283956826,
      "gait_adh": 0.24694951132969828,
      "clear_err": 0.0003933285894384072,
      "slip_rate": 1.0181880149730416,
      "smoothness": 0.45079361187936684,
      "base_z_var": 2.7604272940426e-05,
      "contact_sym": 0.064,
      "stride_var": 0.0015383824040841002,
      "jtorque_var": 9.702794566939378
    },
    {
      "reward": 1260.3834051901822,
      "length": 500,
      "outcome": "success",
      "vel_rmse": 0.10647607348564288,
      "fwd_disp": 4.2461471834680875,
      "mean_lin_track": 0.9304104960820319,
      "mean_ang_track": 0.9447615026513781,
      "gait_adh": 0.38692715897520036,
      "clear_err": 0.001141336426911515,
      "slip_rate": 1.2488110264142354,
      "smoothness": 0.6656173121254468,
      "base_z_var": 1.7698896504599614e-05,
      "contact_sym": 0.194,
      "stride_var": 0.0024377340590911647,
      "jtorque_var": 10.67935960089251
    },
    {
      "reward": 1034.20999357589,
      "length": 500,
      "outcome": "partial",
      "vel_rmse": 0.4080935660533303,
      "fwd_disp": 1.0341346784707015,
      "mean_lin_track": 0.5105152072246675,
      "mean_ang_track": 0.9693866637514287,
      "gait_adh": 0.1868550821123456,
      "clear_err": 0.00022649614458422062,
      "slip_rate": 1.0288437945502145,
      "smoothness": 0.2226496398033349,
      "base_z_var": 2.21624112298063e-05,
      "contact_sym": 0.03,
      "stride_var": 0.00302504612503362,
      "jtorque_var": 6.426527384783568
    },
    {
      "reward": 1265.5710621349858,
      "length": 500,
      "outcome": "success",
      "vel_rmse": 0.07783831123354817,
      "fwd_disp": 4.849730920505018,
      "mean_lin_track": 0.954407846492583,
      "mean_ang_track": 0.8926696339087408,
      "gait_adh": 0.39658900942266395,
      "clear_err": 0.001062220292852848,
      "slip_rate": 0.9418126658389443,
      "smoothness": 0.9333349482555877,
      "base_z_var": 9.544398463460778e-06,
      "contact_sym": 0.222,
      "stride_var": 0.003925053998986948,
      "jtorque_var": 10.559718909695672
    },
    {
      "reward": 1289.8645893848231,
      "length": 500,
      "outcome": "success",
      "vel_rmse": 0.0761593447727218,
      "fwd_disp": 4.428311837763149,
      "mean_lin_track": 0.9580095889598216,
      "mean_ang_track": 0.9124976722204595,
      "gait_adh": 0.43184372706503493,
      "clear_err": 0.0011777031646186,
      "slip_rate": 1.08750603253814,
      "smoothness": 0.6388133989511826,
      "base_z_var": 1.3906334962557154e-05,
      "contact_sym": 0.266,
      "stride_var": 0.0010925135968639832,
      "jtorque_var": 10.181497801128645
    },
    {
      "reward": 1294.2296708579433,
      "length": 500,
      "outcome": "success",
      "vel_rmse": 0.11492074088591238,
      "fwd_disp": 4.117406461869304,
      "mean_lin_track": 0.9408396775114136,
      "mean_ang_track": 0.9564362949791599,
      "gait_adh": 0.42171678830170184,
      "clear_err": 0.0009857938969977664,
      "slip_rate": 0.9281319685570606,
      "smoothness": 0.553879065610188,
      "base_z_var": 6.320105287694636e-06,
      "contact_sym": 0.236,
      "stride_var": 0.0014367431179870863,
      "jtorque_var": 9.350575153592333
    },
    {
      "reward": 1022.3417278538512,
      "length": 500,
      "outcome": "partial",
      "vel_rmse": 0.49737171446334755,
      "fwd_disp": 0.04989674331393526,
      "mean_lin_track": 0.3750795980952239,
      "mean_ang_track": 0.9971303447640584,
      "gait_adh": 0.13673054818422173,
      "clear_err": 3.0063286876937712e-05,
      "slip_rate": 1.3803359866142273,
      "smoothness": 0.03547024231777158,
      "base_z_var": 9.025729117245633e-06,
      "contact_sym": 0.0,
      "stride_var": 0.0,
      "jtorque_var": 0.9208971391418491
    },
    {
      "reward": 1239.9543236224781,
      "length": 500,
      "outcome": "success",
      "vel_rmse": 0.1241403744239549,
      "fwd_disp": 4.289871886002984,
      "mean_lin_track": 0.9248451437497589,
      "mean_ang_track": 0.941904474447784,
      "gait_adh": 0.3820272379786763,
      "clear_err": 0.0009168956796251072,
      "slip_rate": 1.155955044925213,
      "smoothness": 0.6174818371636016,
      "base_z_var": 2.2093757246179576e-05,
      "contact_sym": 0.21,
      "stride_var": 0.0018069156971057612,
      "jtorque_var": 11.564267071356888
    },
    {
      "reward": 1221.4577520082307,
      "length": 500,
      "outcome": "success",
      "vel_rmse": 0.14456671660573908,
      "fwd_disp": 3.6763250053157592,
      "mean_lin_track": 0.8878802639813261,
      "mean_ang_track": 0.9483042244177955,
      "gait_adh": 0.36322763240355677,
      "clear_err": 0.0008657174426075317,
      "slip_rate": 1.135611619322728,
      "smoothness": 0.6404529720732571,
      "base_z_var": 1.5748451002801527e-05,
      "contact_sym": 0.142,
      "stride_var": 0.0007725118828008935,
      "jtorque_var": 14.69608895096142
    },
    {
      "reward": 1250.0719063011245,
      "length": 500,
      "outcome": "success",
      "vel_rmse": 0.13056267249476766,
      "fwd_disp": 4.445179073705085,
      "mean_lin_track": 0.9146546576481273,
      "mean_ang_track": 0.9461730004710037,
      "gait_adh": 0.4410274793745526,
      "clear_err": 0.0008949250927021852,
      "slip_rate": 1.3570427375563074,
      "smoothness": 0.49278212964967716,
      "base_z_var": 1.0094907373822924e-05,
      "contact_sym": 0.282,
      "stride_var": 0.0015738229556057674,
      "jtorque_var": 12.28594229862565
    },
    {
      "reward": 1026.67794633868,
      "length": 500,
      "outcome": "partial",
      "vel_rmse": 0.3929027221438012,
      "fwd_disp": 1.2312411170885136,
      "mean_lin_track": 0.5377762081625876,
      "mean_ang_track": 0.9662730566317153,
      "gait_adh": 0.21512046519459552,
      "clear_err": 0.00023613979034696857,
      "slip_rate": 1.318428019285202,
      "smoothness": 0.2824788353645566,
      "base_z_var": 3.47983224568499e-05,
      "contact_sym": 0.06,
      "stride_var": 0.0008503520357239064,
      "jtorque_var": 10.268487228617692
    },
    {
      "reward": 1284.545066533365,
      "length": 500,
      "outcome": "success",
      "vel_rmse": 0.09200570911537681,
      "fwd_disp": 4.309794519611225,
      "mean_lin_track": 0.9559284136554279,
      "mean_ang_track": 0.9326189996855192,
      "gait_adh": 0.4368876817135872,
      "clear_err": 0.0010520017540445305,
      "slip_rate": 1.1637314822938707,
      "smoothness": 0.6255739375315189,
      "base_z_var": 7.266864466194202e-06,
      "contact_sym": 0.26,
      "stride_var": 0.0008488360304528007,
      "jtorque_var": 12.545507611371088
    },
    {
      "reward": 1015.3775270629005,
      "length": 500,
      "outcome": "partial",
      "vel_rmse": 0.49750000006045414,
      "fwd_disp": 0.059961311625080324,
      "mean_lin_track": 0.3726536588413577,
      "mean_ang_track": 0.9957503341268091,