{
  "schema_version": 1,
  "sim": "mujoco",
  "method": "CTS",
  "priv_mode": "FULL",
  "latent_dim": "8",
  "dr_scale": 1.0,
  "episode_length_s": 10.0,
  "vel_rmse_threshold": 0.3,
  "checkpoint": "model_final.pt",
  "vel_cmd": [
    0.5,
    0.0,
    0.0
  ],
  "episodes": [
    {
      "reward": 1090.4185463686856,
      "length": 500,
      "outcome": "success",
      "vel_rmse": 0.1451488631347832,
      "fwd_disp": 4.950514222365507,
      "mean_lin_track": 0.9038998992859871,
      "mean_ang_track": 0.9594569920376721,
      "gait_adh": 0.20519656708722828,
      "clear_err": 0.0010092225647213584,
      "slip_rate": 1.8700429974299557,
      "smoothness": 1.206240492459966,
      "base_z_var": 0.0002735663304564335,
      "contact_sym": 0.07,
      "stride_var": 0.0013138295353435653,
      "jtorque_var": 17.201537948360887
    },
    {
      "reward": 969.3123919181184,
      "length": 500,
      "outcome": "success",
      "vel_rmse": 0.1558877769474444,
      "fwd_disp": 3.8713688184712973,
      "mean_lin_track": 0.8838680336821694,
      "mean_ang_track": 0.9578769091616003,
      "gait_adh": 0.16424277564654569,
      "clear_err": 0.000846292141368186,
      "slip_rate": 1.7304112685013966,
      "smoothness": 1.3873334874745005,
      "base_z_var": 0.0005135346233536706,
      "contact_sym": 0.038,
      "stride_var": 0.005424637125314736,
      "jtorque_var": 14.834624211899758
    },
    {
      "reward": 1112.897391385795,
      "length": 500,
      "outcome": "success",
      "vel_rmse": 0.1411472286955633,
      "fwd_disp": 4.986158299465014,
      "mean_lin_track": 0.904917870526915,
      "mean_ang_track": 0.9686824611683511,
      "gait_adh": 0.1858528886545922,
      "clear_err": 0.0013680556849374266,
      "slip_rate": 1.4454243236056,
      "smoothness": 1.2251574217766623,
      "base_z_var": 0.0002604071155360702,
      "contact_sym": 0.066,
      "stride_var": 0.0009062563835037992,
      "jtorque_var": 13.422905833486146
    },
    {
      "reward": 805.7420089712907,
      "length": 500,
      "outcome": "success",
      "vel_rmse": 0.16367320214859807,
      "fwd_disp": 3.935155357192356,
      "mean_lin_track": 0.8727012683289845,
      "mean_ang_track": 0.929883647283499,
      "gait_adh": 0.16962079478101566,
      "clear_err": 0.0012270850851456982,
      "slip_rate": 2.270856918208301,
      "smoothness": 1.7738850847811132,
      "base_z_var": 0.0008463922801891444,
      "contact_sym": 0.052,
      "stride_var": 0.006885340635588063,
      "jtorque_var": 21.124033769139107
    },
    {
      "reward": 1117.0239546883058,
      "length": 500,
      "outcome": "success",
      "vel_rmse": 0.1373867002260383,
      "fwd_disp": 4.972275065377851,
      "mean_lin_track": 0.916575966745273,
      "mean_ang_track": 0.8796639674964231,
      "gait_adh": 0.21438031939674584,
      "clear_err": 0.001172879446743578,
      "slip_rate": 1.147328978973972,
      "smoothness": 1.1571725576803598,
      "base_z_var": 8.607995860756948e-05,
      "contact_sym": 0.05,
      "stride_var": 0.0011842801174014107,
      "jtorque_var": 15.029386145908681
    },
    {
      "reward": 1116.385290521316,
      "length": 500,
      "outcome": "success",
      "vel_rmse": 0.14339845612132765,
      "fwd_disp": 5.315971701915447,
      "mean_lin_track": 0.9018017677594174,
      "mean_ang_track": 0.9775274235653274,
      "gait_adh": 0.17216228683840618,
      "clear_err": 0.001326313532014878,
      "slip_rate": 1.5185888001864607,
      "smoothness": 1.268096572891428,
      "base_z_var": 0.00015472942910603433,
      "contact_sym": 0.034,
      "stride_var": 0.00039612702420313903,
      "jtorque_var": 14.018325425573975
    },
    {
      "reward": 1137.910813464029,
      "length": 500,
      "outcome": "success",
      "vel_rmse": 0.11977877989329323,
      "fwd_disp": 4.387194667130026,
      "mean_lin_track": 0.9281769845244495,
      "mean_ang_track": 0.9873071763448092,
      "gait_adh": 0.17049196440881717,
      "clear_err": 0.0010572184914414654,
      "slip_rate": 1.5123510393500328,
      "smoothness": 1.175711857024673,
      "base_z_var": 0.00030446455692723377,
      "contact_sym": 0.026,
      "stride_var": 0.0019969574220835,
      "jtorque_var": 11.349697850263865
    },
    {
      "reward": 828.464761151717,
      "length": 500,
      "outcome": "success",
      "vel_rmse": 0.2418253419451053,
      "fwd_disp": 2.971972943365304,
      "mean_lin_track": 0.7737148192974491,
      "mean_ang_track": 0.9083334361589497,
      "gait_adh": 0.19761112038128556,
      "clear_err": 0.0011604064918961626,
      "slip_rate": 1.7490744122437067,
      "smoothness": 1.5586840113092755,
      "base_z_var": 0.0005089412639656816,
      "contact_sym": 0.052,
      "stride_var": 0.0021861511865991093,
      "jtorque_var": 22.715608143416446
    },
    {
      "reward": 1042.1188177385714,
      "length": 500,
      "outcome": "success",
      "vel_rmse": 0.1616510976000456,
      "fwd_disp": 5.586079299844386,
      "mean_lin_track": 0.8768165714794633,
      "mean_ang_track": 0.9773864018578273,
      "gait_adh": 0.1605220691195884,
      "clear_err": 0.0014604114736841449,
      "slip_rate": 1.405377752014569,
      "smoothness": 1.3570441018793646,
      "base_z_var": 0.00024597377097976535,
      "contact_sym": 0.024,
      "stride_var": 0.00021968475944223302,
      "jtorque_var": 15.362273002886143
    },
    {
      "reward": 916.6169897244622,
      "length": 500,
      "outcome": "success",
      "vel_rmse": 0.19855776152432622,
      "fwd_disp": 3.405513246011758,
      "mean_lin_track": 0.8347344524189378,
      "mean_ang_track": 0.9300071151631079,
      "gait_adh": 0.20637578155679503,
      "clear_err": 0.0012376789937379145,
      "slip_rate": 1.5249205861164599,
      "smoothness": 1.4460782741619613,
      "base_z_var": 0.0003213687076170602,
      "contact_sym": 0.092,
      "stride_var": 0.0011353594318191252,
      "jtorque_var": 22.774922898609628
    },
    {
      "reward": 1099.6478382197915,
      "length": 500,
      "outcome": "success",
      "vel_rmse": 0.14384596589780493,
      "fwd_disp": 5.375452113575569,
      "mean_lin_track": 0.8967925025748474,
      "mean_ang_track": 0.9835360141755622,
      "gait_adh": 0.16483888779236724,
      "clear_err": 0.00129050699335186,
      "slip_rate": 1.4460352265681975,
      "smoothness": 1.099470222318383,
      "base_z_var": 0.00016326319388722667,
      "contact_sym": 0.024,
      "stride_var": 0.0006594793722786844,
      "jtorque_var": 16.00421282863498
    },
    {
      "reward": 734.7567284807973,
      "length": 500,
      "outcome": "success",
      "vel_rmse": 0.22808798255940968,
      "fwd_disp": 3.130858603624213,
      "mean_lin_track": 0.7819495637748274,
      "mean_ang_track": 0.8975265443606631,
      "gait_adh": 0.186114936314496,
      "clear_err": 0.0009119685481001614,
      "slip_rate": 2.0223117181232997,
      "smoothness": 1.5009256416914303,
      "base_z_var": 0.001297383135562452,
      "contact_sym": 0.066,
      "stride_var": 0.004530032705312473,
      "jtorque_var": 22.363025307526982
    },
    {
      "reward": 1115.3986644278841,
      "length": 500,
      "outcome": "success",
      "vel_rmse": 0.1404318790819157,
      "fwd_disp": 5.078517616560289,
      "mean_lin_track": 0.9102233086526933,
      "mean_ang_track": 0.9619045816119703,
      "gait_adh": 0.21112470118565826,
      "clear_err": 0.0013176898757069325,
      "slip_rate": 1.6972900433786984,
      "smoothness": 1.1802967851823039,
      "base_z_var": 0.00016385468678700238,
      "contact_sym": 0.08,
      "stride_var": 0.0008069234515525754,
      "jtorque_var": 16.741209087645945
    },
    {
      "reward": 974.7861754429911,
      "length": 500,
      "outcome": "success",
      "vel_rmse": 0.19472901453391367,
      "fwd_disp": 3.666594672997111,
      "mean_lin_track": 0.8422756499666159,
      "mean_ang_track": 0.9090556711453273,