{
  "schema_version": 1,
  "sim": "mujoco",
  "method": "RMA",
  "priv_mode": "FULL",
  "latent_dim": "8",
  "dr_scale": 2.0,
  "episode_length_s": 10.0,
  "vel_rmse_threshold": 0.3,
  "checkpoint": "model_final.pt",
  "vel_cmd": [
    0.5,
    0.0,
    0.0
  ],
  "episodes": [
    {
      "reward": 391.2572640007383,
      "length": 500,
      "outcome": "partial",
      "vel_rmse": 0.4738704535548715,
      "fwd_disp": 0.44720320196960683,
      "mean_lin_track": 0.4335589136012896,
      "mean_ang_track": 0.7260156606962702,
      "gait_adh": 0.24358284682636774,
      "clear_err": 0.000721913896263007,
      "slip_rate": 1.1796622500872949,
      "smoothness": 3.5983129248897554,
      "base_z_var": 0.000287582902904581,
      "contact_sym": 0.026,
      "stride_var": 0.001080346895239466,
      "jtorque_var": 18.81493290934368
    },
    {
      "reward": 1016.4592371422082,
      "length": 500,
      "outcome": "partial",
      "vel_rmse": 0.49663839157602896,
      "fwd_disp": 0.04482977305270346,
      "mean_lin_track": 0.3739828123012957,
      "mean_ang_track": 0.9995440253975199,
      "gait_adh": 0.13533528323661276,
      "clear_err": 4.435645742106772e-06,
      "slip_rate": 0.8309429734945297,
      "smoothness": 0.014226986774885772,
      "base_z_var": 2.7442108838235993e-05,
      "contact_sym": 0.0,
      "stride_var": 0.0,
      "jtorque_var": 0.31274174035593433
    },
    {
      "reward": 265.09249369701575,
      "length": 393,
      "outcome": "fail",
      "vel_rmse": 0.3306032686215649,
      "fwd_disp": 2.399241047349753,
      "mean_lin_track": 0.6477981724501419,
      "mean_ang_track": 0.7291322823977536,
      "gait_adh": 0.2837388111240955,
      "clear_err": 0.015212919926393405,
      "slip_rate": 1.5937172062695026,
      "smoothness": 4.517240064716714,
      "base_z_var": 0.0008068470661950395,
      "contact_sym": 0.1450381679389313,
      "stride_var": 0.008884884129334912,
      "jtorque_var": 22.07851585898103
    },
    {
      "reward": 104.98403153169804,
      "length": 500,
      "outcome": "partial",
      "vel_rmse": 0.3511930229562718,
      "fwd_disp": 2.1854684019054558,
      "mean_lin_track": 0.6161122344005966,
      "mean_ang_track": 0.7732917891390527,
      "gait_adh": 0.19441450917413575,
      "clear_err": 0.0014810872687468857,
      "slip_rate": 1.7074253495703353,
      "smoothness": 2.654048770833387,
      "base_z_var": 0.005071829417487335,
      "contact_sym": 0.026,
      "stride_var": 0.008981561735456884,
      "jtorque_var": 21.111525281452206
    },
    {
      "reward": 34.56242566700542,
      "length": 500,
      "outcome": "partial",
      "vel_rmse": 0.3144539600908998,
      "fwd_disp": 2.215019583215366,
      "mean_lin_track": 0.6680466009969486,
      "mean_ang_track": 0.7065989484067966,
      "gait_adh": 0.21155076003529907,
      "clear_err": 0.001084325327726224,
      "slip_rate": 1.5917521279212856,
      "smoothness": 7.521925572661293,
      "base_z_var": 0.00010223869575568625,
      "contact_sym": 0.022,
      "stride_var": 0.002376055261891896,
      "jtorque_var": 54.925526676048435
    },
    {
      "reward": 868.0376381677316,
      "length": 500,
      "outcome": "partial",
      "vel_rmse": 0.36062744316832673,
      "fwd_disp": 1.4136094758995148,
      "mean_lin_track": 0.5930114970818672,
      "mean_ang_track": 0.9695820868069622,
      "gait_adh": 0.1612492050953618,
      "clear_err": 0.0004051580309712839,
      "slip_rate": 1.2476284026422284,
      "smoothness": 1.1647711256089996,
      "base_z_var": 0.00015781850719692175,
      "contact_sym": 0.002,
      "stride_var": 0.005079012369197136,
      "jtorque_var": 10.87351776491038
    },
    {
      "reward": 767.4750261005959,
      "length": 500,
      "outcome": "partial",
      "vel_rmse": 0.4355938869899036,
      "fwd_disp": 0.7218209668625145,
      "mean_lin_track": 0.4760113924315547,
      "mean_ang_track": 0.9421278473466329,
      "gait_adh": 0.15693238642258303,
      "clear_err": 0.0001961532988271993,
      "slip_rate": 1.053271886848268,
      "smoothness": 0.3758443458639611,
      "base_z_var": 0.00322508390664397,
      "contact_sym": 0.022,
      "stride_var": 0.004577138602177263,
      "jtorque_var": 5.046405229643596
    },
    {
      "reward": 384.8614439606085,
      "length": 500,
      "outcome": "partial",
      "vel_rmse": 0.4164146291518802,
      "fwd_disp": 1.445469761736462,
      "mean_lin_track": 0.5148135016912074,
      "mean_ang_track": 0.6893104737024434,
      "gait_adh": 0.20112878625227693,
      "clear_err": 0.0012082104052533757,
      "slip_rate": 1.5463188045002796,
      "smoothness": 2.164062257410262,
      "base_z_var": 0.00227819564226935,
      "contact_sym": 0.052,
      "stride_var": 0.0004429039544439648,
      "jtorque_var": 26.599474160540193
    },
    {
      "reward": 796.310256249088,
      "length": 500,
      "outcome": "success",
      "vel_rmse": 0.21178601631017793,
      "fwd_disp": 3.79670916632542,
      "mean_lin_track": 0.8126157194614422,
      "mean_ang_track": 0.8913466000920428,
      "gait_adh": 0.20530157127302756,
      "clear_err": 0.001223020914458634,
      "slip_rate": 1.6744410327569705,
      "smoothness": 2.933760089118187,
      "base_z_var": 0.00021828413269673317,
      "contact_sym": 0.042,
      "stride_var": 0.00012339616940106057,
      "jtorque_var": 15.556739372056008
    },
    {
      "reward": 111.22136408077074,
      "length": 500,
      "outcome": "partial",
      "vel_rmse": 0.45875782561793277,
      "fwd_disp": 0.6778465280251391,
      "mean_lin_track": 0.45266800325723294,
      "mean_ang_track": 0.5207849558954323,
      "gait_adh": 0.24836475381501624,
      "clear_err": 0.0015547884240122165,
      "slip_rate": 1.8572229314467004,
      "smoothness": 8.429796458440372,
      "base_z_var": 0.00014658257858448815,
      "contact_sym": 0.046,
      "stride_var": 0.0004065353023573499,
      "jtorque_var": 39.21439651957164
    },
    {
      "reward": 526.299466202307,
      "length": 500,
      "outcome": "partial",
      "vel_rmse": 0.3053537570894333,
      "fwd_disp": 2.3300069213487453,
      "mean_lin_track": 0.6775478972021984,
      "mean_ang_track": 0.8662297751574968,
      "gait_adh": 0.23407803985300862,
      "clear_err": 0.001149710008148843,
      "slip_rate": 1.7006055123707247,
      "smoothness": 7.458860257768308,
      "base_z_var": 0.00021035584879323284,
      "contact_sym": 0.064,
      "stride_var": 0.0017262593745855542,
      "jtorque_var": 24.545545649404676
    },
    {
      "reward": 461.6974062613715,
      "length": 500,
      "outcome": "partial",
      "vel_rmse": 0.49690067337581656,
      "fwd_disp": 0.040384486966133365,
      "mean_lin_track": 0.37497818266416244,
      "mean_ang_track": 0.9778043217547621,
      "gait_adh": 0.13533528323661276,
      "clear_err": 7.003191233757282e-06,
      "slip_rate": 0.9740009978413582,
      "smoothness": 0.05203459427952626,
      "base_z_var": 0.0008077295783271092,
      "contact_sym": 0.0,
      "stride_var": 0.0,
      "jtorque_var": 0.663951948237128
    },
    {
      "reward": 731.7224447247412,
      "length": 500,
      "outcome": "success",
      "vel_rmse": 0.2570403490748299,
      "fwd_disp": 2.959963847341355,
      "mean_lin_track": 0.7472642437657607,
      "mean_ang_track": 0.8068620439391012,
      "gait_adh": 0.22651861279121852,
      "clear_err": 0.0014859220692480903,
      "slip_rate": 1.4924339371231885,
      "smoothness": 3.540977645212495,
      "base_z_var": 0.00022477393112674442,
      "contact_sym": 0.11,
      "stride_var": 0.006794849571392324,
      "jtorque_var": 24.949318868477565
    },
    {
      "reward": -551.5566681686724,
      "length": 500,
      "outcome": "partial",
      "vel_rmse": 0.5276070131111302,
      "fwd_disp": -0.10397038736749334,
      "mean_lin_track": 0.36111027365604714,
      "mean_ang_track": 0.8962184515272754,