{
  "schema_version": 1,
  "sim": "mujoco",
  "method": "RMA",
  "priv_mode": "FULL",
  "latent_dim": "8",
  "dr_scale": 1.0,
  "episode_length_s": 10.0,
  "vel_rmse_threshold": 0.3,
  "checkpoint": "model_final.pt",
  "vel_cmd": [
    0.5,
    0.0,
    0.0
  ],
  "episodes": [
    {
      "reward": 782.9928243395375,
      "length": 500,
      "outcome": "success",
      "vel_rmse": 0.22875704140107217,
      "fwd_disp": 4.5885757385486965,
      "mean_lin_track": 0.7913315231732825,
      "mean_ang_track": 0.8445744673472938,
      "gait_adh": 0.2182190399315787,
      "clear_err": 0.0009448379614538891,
      "slip_rate": 1.9590511971712112,
      "smoothness": 2.4887534344833493,
      "base_z_var": 0.00047261374113626416,
      "contact_sym": 0.098,
      "stride_var": 0.004781741415075731,
      "jtorque_var": 22.53189759124396
    },
    {
      "reward": 880.496255924597,
      "length": 500,
      "outcome": "success",
      "vel_rmse": 0.21285527622423905,
      "fwd_disp": 3.526166804011333,
      "mean_lin_track": 0.804678262394403,
      "mean_ang_track": 0.9694979914512678,
      "gait_adh": 0.17148114804449432,
      "clear_err": 0.0008480294732792533,
      "slip_rate": 1.3982411918230355,
      "smoothness": 1.589618168930686,
      "base_z_var": 0.0009418039921212278,
      "contact_sym": 0.046,
      "stride_var": 0.0035641095768531284,
      "jtorque_var": 14.320781259810724
    },
    {
      "reward": 850.1809696038883,
      "length": 500,
      "outcome": "success",
      "vel_rmse": 0.20101997970840296,
      "fwd_disp": 4.54660952217603,
      "mean_lin_track": 0.8262669762074812,
      "mean_ang_track": 0.8922098320511249,
      "gait_adh": 0.23311487586148408,
      "clear_err": 0.0012100800762010722,
      "slip_rate": 1.3986515258080685,
      "smoothness": 2.261282198901371,
      "base_z_var": 0.0004960095177970654,
      "contact_sym": 0.114,
      "stride_var": 0.006703539998252038,
      "jtorque_var": 16.769801440731673
    },
    {
      "reward": 814.4971367928455,
      "length": 500,
      "outcome": "partial",
      "vel_rmse": 0.45460752164536467,
      "fwd_disp": 0.5515564947258582,
      "mean_lin_track": 0.44667597439950946,
      "mean_ang_track": 0.9753114970619157,
      "gait_adh": 0.14311076077644508,
      "clear_err": 0.00016396212828764448,
      "slip_rate": 1.2420287996530532,
      "smoothness": 0.6641829971328491,
      "base_z_var": 0.0005724960162018992,
      "contact_sym": 0.006,
      "stride_var": 0.005717360544301178,
      "jtorque_var": 9.601556508530658
    },
    {
      "reward": 869.3272846194282,
      "length": 500,
      "outcome": "partial",
      "vel_rmse": 0.32538976613843784,
      "fwd_disp": 1.7902463082285858,
      "mean_lin_track": 0.6491835006781406,
      "mean_ang_track": 0.9109328839714714,
      "gait_adh": 0.16649620039987992,
      "clear_err": 0.00040634133892393075,
      "slip_rate": 1.1297015968769315,
      "smoothness": 1.5140041576407055,
      "base_z_var": 0.00014967541241728998,
      "contact_sym": 0.004,
      "stride_var": 0.005879404168490337,
      "jtorque_var": 12.183198451065971
    },
    {
      "reward": 987.9125944052778,
      "length": 500,
      "outcome": "success",
      "vel_rmse": 0.1526826241748229,
      "fwd_disp": 4.028657858059793,
      "mean_lin_track": 0.887696804016188,
      "mean_ang_track": 0.9689764844841574,
      "gait_adh": 0.18470666154481072,
      "clear_err": 0.0010116143752759731,
      "slip_rate": 1.398602381512359,
      "smoothness": 1.7090489922846448,
      "base_z_var": 0.0003313748719314096,
      "contact_sym": 0.036,
      "stride_var": 0.002793093407203792,
      "jtorque_var": 16.100112485729216
    },
    {
      "reward": 912.3621975152945,
      "length": 500,
      "outcome": "success",
      "vel_rmse": 0.20531902460793633,
      "fwd_disp": 3.095283166674736,
      "mean_lin_track": 0.816726132865489,
      "mean_ang_track": 0.963226916642853,
      "gait_adh": 0.18855839190171986,
      "clear_err": 0.0007756008732821948,
      "slip_rate": 1.1106575493042061,
      "smoothness": 1.3303995637405126,
      "base_z_var": 0.001152568909468855,
      "contact_sym": 0.068,
      "stride_var": 0.002415036638822402,
      "jtorque_var": 13.396607161782896
    },
    {
      "reward": 682.5536465514774,
      "length": 500,
      "outcome": "partial",
      "vel_rmse": 0.369165066089241,
      "fwd_disp": 1.4911989649937167,
      "mean_lin_track": 0.5827846451251115,
      "mean_ang_track": 0.886830320891725,
      "gait_adh": 0.1864490008004138,
      "clear_err": 0.0006815239581592492,
      "slip_rate": 1.4727558059171892,
      "smoothness": 1.948103821430376,
      "base_z_var": 0.0010594938941829702,
      "contact_sym": 0.044,
      "stride_var": 0.00023356466842947953,
      "jtorque_var": 19.33797049089668
    },
    {
      "reward": 943.9660208457703,
      "length": 500,
      "outcome": "success",
      "vel_rmse": 0.16341041762219666,
      "fwd_disp": 4.289961620425312,
      "mean_lin_track": 0.87634780776741,
      "mean_ang_track": 0.9508089987564539,
      "gait_adh": 0.17765831998075174,
      "clear_err": 0.0011260239806242351,
      "slip_rate": 1.532472216790276,
      "smoothness": 2.208885626562588,
      "base_z_var": 0.0002817559702180289,
      "contact_sym": 0.036,
      "stride_var": 0.0001173601271604002,
      "jtorque_var": 14.146390735524683
    },
    {
      "reward": 707.711762929033,
      "length": 500,
      "outcome": "success",
      "vel_rmse": 0.269800468539163,
      "fwd_disp": 2.8744063726431914,
      "mean_lin_track": 0.7316606752724757,
      "mean_ang_track": 0.8180654236345888,
      "gait_adh": 0.21942427404529807,
      "clear_err": 0.0011612719787592795,
      "slip_rate": 1.588827788618938,
      "smoothness": 3.577032375830265,
      "base_z_var": 0.0004489709092358147,
      "contact_sym": 0.078,
      "stride_var": 0.0003161205327170551,
      "jtorque_var": 23.455088816127446
    },
    {
      "reward": 873.5076962485406,
      "length": 500,
      "outcome": "success",
      "vel_rmse": 0.167937922219105,
      "fwd_disp": 3.8097051788940988,
      "mean_lin_track": 0.8698678624119791,
      "mean_ang_track": 0.9205142303402305,
      "gait_adh": 0.19666793392746995,
      "clear_err": 0.0009616635103420737,
      "slip_rate": 1.5585055131814443,
      "smoothness": 3.176337222969609,
      "base_z_var": 0.00025233626534706054,
      "contact_sym": 0.042,
      "stride_var": 0.001980971050438842,
      "jtorque_var": 17.68286533881753
    },
    {
      "reward": 956.3775504410551,
      "length": 500,
      "outcome": "partial",
      "vel_rmse": 0.5014594736066447,
      "fwd_disp": -0.011905090124217671,
      "mean_lin_track": 0.37300346199277096,
      "mean_ang_track": 0.9993087046637193,
      "gait_adh": 0.13533528323661276,
      "clear_err": 7.381891992108651e-06,
      "slip_rate": 1.0102224051952362,
      "smoothness": 0.1059113119394926,
      "base_z_var": 1.5068929484953245e-05,
      "contact_sym": 0.0,
      "stride_var": 0.0,
      "jtorque_var": 2.38814689105861
    },
    {
      "reward": 884.0016931909034,
      "length": 500,
      "outcome": "success",
      "vel_rmse": 0.1665563654318532,
      "fwd_disp": 3.999397179129017,
      "mean_lin_track": 0.8736739395964987,
      "mean_ang_track": 0.9184508534949547,
      "gait_adh": 0.1744747185956782,
      "clear_err": 0.001454941942619302,
      "slip_rate": 1.554668464272925,
      "smoothness": 2.353045692313238,
      "base_z_var": 0.00038725320664314265,
      "contact_sym": 0.064,
      "stride_var": 0.0028956816667237545,
      "jtorque_var": 20.559997532034256
    },
    {
      "reward": 970.333589951524,
      "length": 500,
      "outcome": "partial",
      "vel_rmse": 0.4990453326152169,
      "fwd_disp": 0.042063130186258166,
      "mean_lin_track": 0.3699336143525811,
      "mean_ang_track": 0.9940962848336067,
      "gait_adh": 0.1358003715524824,