{
  "generated": "2026-05-18T00:49:09.799323",
  "vel_cmd": [
    0.5,
    0.0,
    0.0
  ],
  "num_episodes": 30,
  "episode_length_s": 20.0,
  "seed": 42,
  "conditions": {
    "baseline_1x": {
      "n_episodes": 30,
      "survival_rate": 1.0,
      "reward": {
        "mean": 2349.564432466584,
        "std": 239.8522860081539
      },
      "vel_rmse": {
        "mean": 0.22200640990917234,
        "std": 0.15946027385365136
      },
      "fwd_disp": {
        "mean": 6.014380827964098,
        "std": 3.4894060721345648
      },
      "gait_adh": {
        "mean": 0.3159777414168099,
        "std": 0.11244136196448752
      },
      "clear_err": {
        "mean": 0.0006836290647265424,
        "std": 0.0004173234511513602
      },
      "slip_rate": {
        "mean": 1.2593169850259747,
        "std": 0.26156523038106116
      },
      "smoothness": {
        "mean": 0.4777900007494222,
        "std": 0.2782796341807039
      },
      "base_z_var": {
        "mean": 1.1839534623938081e-05,
        "std": 1.0934772362068149e-05
      },
      "contact_sym": {
        "mean": 0.13853333333333334,
        "std": 0.10126589861459889
      },
      "stride_var": {
        "mean": 0.005641650789525706,
        "std": 0.009949589748151197
      },
      "jtorque_var": {
        "mean": 9.661716802413443,
        "std": 4.1113806688200265
      }
    },
    "baseline_2x": {
      "n_episodes": 30,
      "survival_rate": 0.9,
      "reward": {
        "mean": 1742.897831565419,
        "std": 800.5289049206787
      },
      "vel_rmse": {
        "mean": 0.35095511997279605,
        "std": 0.13752898715804782
      },
      "fwd_disp": {
        "mean": 3.1953831105981196,
        "std": 3.168950967100079
      },
      "gait_adh": {
        "mean": 0.26509474815895157,
        "std": 0.11417218824778683
      },
      "clear_err": {
        "mean": 0.003439090281869288,
        "std": 0.007914813527405728
      },
      "slip_rate": {
        "mean": 1.418809090594802,
        "std": 0.5833374173111285
      },
      "smoothness": {
        "mean": 0.7317393569093896,
        "std": 0.8846428145321672
      },
      "base_z_var": {
        "mean": 0.00012560136145448934,
        "std": 0.00025156372444282816
      },
      "contact_sym": {
        "mean": 0.09164506814506816,
        "std": 0.09302664671203213
      },
      "stride_var": {
        "mean": 0.003538180517003246,
        "std": 0.004660739089228365
      },
      "jtorque_var": {
        "mean": 12.396091894606593,
        "std": 9.998383511730106
      }
    },
    "rma_1x": {
      "n_episodes": 30,
      "survival_rate": 1.0,
      "reward": {
        "mean": 2136.731238713869,
        "std": 59.73332664433832
      },
      "vel_rmse": {
        "mean": 0.4997626853059421,
        "std": 0.0002769647747887915
      },
      "fwd_disp": {
        "mean": 0.0054501900481850295,
        "std": 0.005540496213468416
      },
      "gait_adh": {
        "mean": 0.13533528323661279,
        "std": 0.0
      },
      "clear_err": {
        "mean": 2.3845604750833365e-06,
        "std": 4.432702657267221e-07
      },
      "slip_rate": {
        "mean": 1.1445736509294007,
        "std": 0.042918007746217395
      },
      "smoothness": {
        "mean": 0.0014033858685691312,
        "std": 0.00016275398141740613
      },
      "base_z_var": {
        "mean": 4.175470612308527e-06,
        "std": 1.8933765427713522e-06
      },
      "contact_sym": {
        "mean": 0.0,
        "std": 0.0
      },
      "stride_var": {
        "mean": 0.0,
        "std": 0.0
      },
      "jtorque_var": {
        "mean": 0.09130419587772266,
        "std": 0.011492804359758347
      }
    },
    "rma_2x": {
      "n_episodes": 30,
      "survival_rate": 1.0,
      "reward": {
        "mean": 1826.664995780406,
        "std": 584.6130323980893
      },
      "vel_rmse": {
        "mean": 0.5003736612393429,
        "std": 0.0011207965197014768
      },
      "fwd_disp": {
        "mean": -0.002879766422331147,
        "std": 0.016417101567304887
      },
      "gait_adh": {
        "mean": 0.13632747164380138,
        "std": 0.004486328028660828
      },
      "clear_err": {
        "mean": 2.8583590643606613e-06,
        "std": 2.5541590786749993e-06
      },
      "slip_rate": {
        "mean": 1.0566651202336728,
        "std": 0.17929154542958123
      },
      "smoothness": {
        "mean": 0.002305577555288,
        "std": 0.0020122223428358636
      },
      "base_z_var": {
        "mean": 3.71589417185417e-05,
        "std": 7.46984887722789e-05
      },
      "contact_sym": {
        "mean": 0.0,
        "std": 0.0
      },
      "stride_var": {
        "mean": 2.945445413986157e-07,
        "std": 1.5173722366753086e-06
      },
      "jtorque_var": {
        "mean": 0.18986934468188477,
        "std": 0.137535698263338
      }
    },
    "cts_1x": {
      "n_episodes": 30,
      "survival_rate": 1.0,
      "reward": {
        "mean": 1930.265935317088,
        "std": 363.4602976074977
      },
      "vel_rmse": {
        "mean": 0.17710056418927014,
        "std": 0.062271917684839855
      },
      "fwd_disp": {
        "mean": 8.214167872603259,
        "std": 2.221856147999364
      },
      "gait_adh": {
        "mean": 0.20323213117720745,
        "std": 0.03587272240325975
      },
      "clear_err": {
        "mean": 0.0012725916620248492,
        "std": 0.00034431453771899576
      },
      "slip_rate": {
        "mean": 1.971410466116533,
        "std": 0.4773544381619068
      },
      "smoothness": {
        "mean": 1.3610934649061464,
        "std": 0.22472741878416452
      },
      "base_z_var": {
        "mean": 0.0004339418346257032,
        "std": 0.0003835414818306833
      },
      "contact_sym": {
        "mean": 0.06841279373368146,
        "std": 0.04324684601376259
      },
      "stride_var": {
        "mean": 0.006057272867481447,
        "std": 0.02029910459130658
      },
      "jtorque_var": {
        "mean": 18.186533686327316,
        "std": 4.93862393363997
      }
    },
    "cts_2x": {
      "n_episodes": 30,
      "survival_rate": 0.7333333333333333,
      "reward": {
        "mean": 1108.855450044883,
        "std": 989.8355312687194
      },
      "vel_rmse": {
        "mean": 0.32744886565335324,
        "std": 0.12348698843053148
      },
      "fwd_disp": {
        "mean": 4.191137697924843,
        "std": 3.8964077239954924
      },
      "gait_adh": {
        "mean": 0.20820153096279256,
        "std": 0.03797496206261847
      },
      "clear_err": {
        "mean": 0.006800534475774372,
        "std": 0.012625023181859275
      },
      "slip_rate": {
        "mean": 1.9766678017775223,
        "std": 1.0852174698869097
      },
      "smoothness": {
        "mean": 2.207506539301551,
        "std": 2.3740422279128524
      },
      "base_z_var": {
        "mean": 0.0009622596806922305,
        "std": 0.0011301066761549895
      },
      "contact_sym": {
        "mean": 0.09089245839838611,
        "std": 0.06863950155037099
      },
      "stride_var": {
        "mean": 0.004114683975891136,
        "std": 0.006700690597233599
      },
      "jtorque_var": {
        "mean": 21.85168838739177,
        "std": 9.773237115423846
      }
    }
  }
}