{
  "generated": "2026-05-17T11:21:26.028952",
  "vel_cmd": [
    0.5,
    0.0,
    0.0
  ],
  "num_episodes": 30,
  "episode_length_s": 20.0,
  "seed": 42,
  "conditions": {
    "baseline_1x": {
      "n_episodes": 30,
      "survival_rate": 1.0,
      "reward": {
        "mean": 2302.4090241075805,
        "std": 216.49629256959057
      },
      "vel_rmse": {
        "mean": 0.2616994781299988,
        "std": 0.1612660859063731
      },
      "fwd_disp": {
        "mean": 5.440197570529378,
        "std": 3.6982221322594904
      },
      "gait_adh": {
        "mean": 0.2622349169001516,
        "std": 0.08988025311129273
      },
      "clear_err": {
        "mean": 0.0005555725732907452,
        "std": 0.0004181661299171723
      },
      "slip_rate": {
        "mean": 1.9856503154392893,
        "std": 1.348887305735815
      },
      "smoothness": {
        "mean": 0.3753229301423267,
        "std": 0.26634142774652664
      },
      "base_z_var": {
        "mean": 1.6006065167878407e-05,
        "std": 1.8299349142459883e-05
      },
      "contact_sym": {
        "mean": 0.006266666666666667,
        "std": 0.013463365932121961
      },
      "stride_var": {
        "mean": 0.006430595992372007,
        "std": 0.02568387586318038
      },
      "jtorque_var": {
        "mean": 7.332771283823622,
        "std": 4.905461211055294
      }
    },
    "baseline_2x": {
      "n_episodes": 30,
      "survival_rate": 0.7,
      "reward": {
        "mean": 1408.6088331945214,
        "std": 921.2688488809373
      },
      "vel_rmse": {
        "mean": 0.4114028741335324,
        "std": 0.12968097139288004
      },
      "fwd_disp": {
        "mean": 1.8364949965504909,
        "std": 2.7311094252097248
      },
      "gait_adh": {
        "mean": 0.21765260723687418,
        "std": 0.07764342052502206
      },
      "clear_err": {
        "mean": 0.004431032891450692,
        "std": 0.012502253795752847
      },
      "slip_rate": {
        "mean": 2.049917272809315,
        "std": 1.2562129236617376
      },
      "smoothness": {
        "mean": 0.79183464622672,
        "std": 1.2219567759978252
      },
      "base_z_var": {
        "mean": 0.0003381751230705168,
        "std": 0.0005294128388312195
      },
      "contact_sym": {
        "mean": 0.02920092749984796,
        "std": 0.048054007854012676
      },
      "stride_var": {
        "mean": 0.004511887575339239,
        "std": 0.007047262461496545
      },
      "jtorque_var": {
        "mean": 9.952577124516374,
        "std": 9.81118686499988
      }
    },
    "rma_1x": {
      "n_episodes": 30,
      "survival_rate": 0.6333333333333333,
      "reward": {
        "mean": 1254.7979785752875,
        "std": 888.5496956070676
      },
      "vel_rmse": {
        "mean": 0.5391165532140938,
        "std": 0.05925954073671472
      },
      "fwd_disp": {
        "mean": -0.07105435784550534,
        "std": 0.06862371796257086
      },
      "gait_adh": {
        "mean": 0.19470344127319228,
        "std": 0.07822548252927324
      },
      "clear_err": {
        "mean": 0.0016451229083077204,
        "std": 0.00299269792318779
      },
      "slip_rate": {
        "mean": 1.3762282790996485,
        "std": 0.6277934596190728
      },
      "smoothness": {
        "mean": 0.026897117760424638,
        "std": 0.035899652241630275
      },
      "base_z_var": {
        "mean": 7.053217609258879e-05,
        "std": 0.00010241993944385169
      },
      "contact_sym": {
        "mean": 0.001973958333333333,
        "std": 0.007424854421466919
      },
      "stride_var": {
        "mean": 0.0005754752160108263,
        "std": 0.002520800589889155
      },
      "jtorque_var": {
        "mean": 2.3877182061606583,
        "std": 3.121971984929919
      }
    },
    "rma_2x": {
      "n_episodes": 30,
      "survival_rate": 0.3333333333333333,
      "reward": {
        "mean": 546.6782280622854,
        "std": 915.4213560370705
      },
      "vel_rmse": {
        "mean": 0.623914212180046,
        "std": 0.09729068667420475
      },
      "fwd_disp": {
        "mean": -0.08470417461315917,
        "std": 0.07643883726178542
      },
      "gait_adh": {
        "mean": 0.17647844600623777,
        "std": 0.05968553875677236
      },
      "clear_err": {
        "mean": 0.009986065562328188,
        "std": 0.009481522607463124
      },
      "slip_rate": {
        "mean": 1.681978865504525,
        "std": 0.9718051628528026
      },
      "smoothness": {
        "mean": 0.11496240138826783,
        "std": 0.1273440112193065
      },
      "base_z_var": {
        "mean": 0.00036997233035899796,
        "std": 0.00037200731105822816
      },
      "contact_sym": {
        "mean": 0.017219603528539316,
        "std": 0.04977561299803514
      },
      "stride_var": {
        "mean": 6.951369908119121e-06,
        "std": 3.729733571892304e-05
      },
      "jtorque_var": {
        "mean": 5.320269575742495,
        "std": 4.781323653535499
      }
    },
    "cts_1x": {
      "n_episodes": 30,
      "survival_rate": 0.0,
      "reward": {
        "mean": -56.83254628903642,
        "std": 27.891453031207266
      },
      "vel_rmse": {
        "mean": 0.7322796028680316,
        "std": 0.0693842880804202
      },
      "fwd_disp": {
        "mean": -0.11389981504027942,
        "std": 0.05958906250477282
      },
      "gait_adh": {
        "mean": 0.2241487641059656,
        "std": 0.03858487904515298
      },
      "clear_err": {
        "mean": 0.035278411294549665,
        "std": 0.01611862519551324
      },
      "slip_rate": {
        "mean": 2.4757615595593605,
        "std": 0.7655767832298054
      },
      "smoothness": {
        "mean": 0.9588687495707264,
        "std": 0.4068408648436944
      },
      "base_z_var": {
        "mean": 0.0013481338225998275,
        "std": 0.00043984769915508966
      },
      "contact_sym": {
        "mean": 0.16773480157667672,
        "std": 0.12971864176539274
      },
      "stride_var": {
        "mean": 0.000276455668787908,
        "std": 0.0011317535331589444
      },
      "jtorque_var": {
        "mean": 15.474976402955411,
        "std": 4.52674858080747
      }
    },
    "cts_2x": {
      "n_episodes": 30,
      "survival_rate": 0.0,
      "reward": {
        "mean": -46.6088531941465,
        "std": 23.778528287408907
      },
      "vel_rmse": {
        "mean": 0.72020963356676,
        "std": 0.09296776973039274
      },
      "fwd_disp": {
        "mean": -0.10092615874832327,
        "std": 0.05361412210419283
      },
      "gait_adh": {
        "mean": 0.23166962888384657,
        "std": 0.04661254215535889
      },
      "clear_err": {
        "mean": 0.03419253218724236,
        "std": 0.019271605257569383
      },
      "slip_rate": {
        "mean": 2.0201628520217167,
        "std": 0.8321871725927031
      },
      "smoothness": {
        "mean": 1.0964717648531213,
        "std": 0.6709401177611105
      },
      "base_z_var": {
        "mean": 0.0014924130541006712,
        "std": 0.0007069082592145508
      },
      "contact_sym": {
        "mean": 0.17814971877290717,
        "std": 0.14648124931981982
      },
      "stride_var": {
        "mean": 0.00013318420459387968,
        "std": 0.0006982254933319706
      },
      "jtorque_var": {
        "mean": 14.907346548040897,
        "std": 6.9782473796049125
      }
    }
  }
}